HJD,UT Date,Camera,FWHM,Limit,mag,mag_err,flux(mJy),flux_err,Filter
2457420.65322,2016-02-02.1500246,be,1.46,17.458,13.450,0.005,15.995,0.080,V
2457423.73800,2016-02-05.2347686,be,1.61,17.483,13.469,0.005,15.718,0.078,V
2457427.74575,2016-02-09.2424986,be,1.50,17.615,13.489,0.005,15.434,0.069,V
2457429.64266,2016-02-11.1394039,be,1.65,17.522,13.465,0.005,15.776,0.075,V
2457436.70565,2016-02-18.2024037,be,1.68,17.139,13.493,0.008,15.365,0.107,V
2457439.80248,2016-02-21.2992631,be,1.53,16.793,13.504,0.011,15.210,0.147,V
2457442.66337,2016-02-24.1601706,be,1.46,16.851,13.502,0.010,15.247,0.139,V
2457445.78982,2016-02-27.2866668,be,1.43,17.071,13.506,0.008,15.184,0.114,V
2457447.78828,2016-02-29.2851586,be,1.46,17.087,13.479,0.008,15.566,0.112,V
2457448.74960,2016-03-01.2464864,be,1.54,17.489,13.493,0.005,15.378,0.077,V
2457449.71905,2016-03-02.2159606,be,1.51,17.509,13.493,0.005,15.368,0.076,V
2457457.58613,2016-03-10.0832032,be,1.57,17.678,13.475,0.005,15.622,0.065,V
2457461.71867,2016-03-14.2158586,be,1.53,17.598,13.469,0.005,15.715,0.070,V
2457466.73463,2016-03-19.2319766,be,1.69,16.931,13.480,0.009,15.559,0.130,V
2457471.53892,2016-03-24.0364349,be,1.53,17.054,13.480,0.008,15.551,0.116,V
2457477.70449,2016-03-30.2022394,be,1.46,17.288,13.509,0.007,15.142,0.093,V
2457478.66582,2016-03-31.1636084,be,1.44,17.582,13.460,0.005,15.839,0.071,V
2457479.61089,2016-04-01.1087197,be,1.53,17.884,13.477,0.004,15.594,0.054,V
2457486.67880,2016-04-08.1769361,be,1.45,17.633,13.493,0.005,15.377,0.068,V
2457526.55453,2016-05-18.0547896,be,1.55,17.071,13.450,0.008,15.992,0.114,V
2457536.51358,2016-05-28.0143950,be,1.55,17.394,13.492,0.006,15.388,0.085,V
2457550.49272,2016-06-10.9942658,be,2.13,17.419,13.457,0.006,15.891,0.083,V
2457557.45269,2016-06-17.9545756,be,1.54,17.215,13.478,0.007,15.579,0.100,V
2457632.91897,2016-09-01.4221672,be,1.62,16.102,13.448,0.019,16.022,0.278,V
2457633.91509,2016-09-02.4182773,be,2.08,16.967,13.489,0.009,15.426,0.125,V
2457636.90850,2016-09-05.4116282,be,1.54,17.196,13.458,0.007,15.880,0.102,V
2457638.90522,2016-09-07.4082998,be,1.48,17.357,13.493,0.006,15.375,0.087,V
2457641.89464,2016-09-10.3976549,be,1.49,17.446,13.478,0.006,15.592,0.081,V
2457659.86667,2016-09-28.3691118,be,1.45,17.409,13.462,0.006,15.818,0.083,V
2457663.85017,2016-10-02.3524513,be,1.68,17.446,13.459,0.006,15.862,0.081,V
2457669.83383,2016-10-08.3358517,be,1.60,17.611,13.467,0.005,15.745,0.069,V
2457671.82861,2016-10-10.3305371,be,1.60,17.044,13.484,0.008,15.494,0.117,V
2457674.83663,2016-10-13.3384069,be,1.62,17.453,13.496,0.006,15.335,0.080,V
2457686.86765,2016-10-25.3688109,be,1.47,17.491,13.478,0.005,15.581,0.077,V
2457687.78858,2016-10-26.2897002,be,1.69,17.661,13.469,0.005,15.722,0.066,V
2457690.77488,2016-10-29.2758285,be,1.65,17.485,13.454,0.005,15.936,0.078,V
2457693.76919,2016-11-01.269975,be,1.50,17.504,13.500,0.005,15.278,0.076,V
2457696.77115,2016-11-04.2717672,be,1.52,17.668,13.473,0.005,15.656,0.066,V
2457699.75173,2016-11-07.2521733,be,1.66,17.363,13.456,0.006,15.901,0.087,V
2457700.80789,2016-11-08.3082747,be,2.03,17.728,13.482,0.004,15.531,0.062,V
2457710.85480,2016-11-18.3546118,be,1.45,17.162,13.488,0.007,15.443,0.105,V
2457713.77585,2016-11-21.2754996,be,1.56,17.513,13.488,0.005,15.446,0.076,V
2457716.77804,2016-11-24.2775187,be,1.70,17.763,13.474,0.004,15.648,0.060,V
2457720.69759,2016-11-28.1968451,be,1.53,17.742,13.474,0.004,15.649,0.061,V
2457721.79748,2016-11-29.2966740,be,1.47,17.561,13.457,0.005,15.897,0.073,V
2457725.70900,2016-12-03.2079818,be,1.66,17.740,13.483,0.004,15.509,0.062,V
2457728.74478,2016-12-06.2435917,be,1.51,17.867,13.474,0.004,15.639,0.055,V
2457732.77475,2016-12-10.2733469,be,1.58,17.460,13.474,0.006,15.639,0.080,V
2457738.76613,2016-12-16.2644304,be,1.55,17.347,13.476,0.006,15.613,0.088,V
2457740.64341,2016-12-18.1416171,be,1.54,17.558,13.481,0.005,15.541,0.073,V
2457743.80619,2016-12-21.3042526,be,1.54,17.661,13.475,0.005,15.628,0.066,V
2457746.76177,2016-12-24.2596984,be,1.52,17.584,13.475,0.005,15.634,0.071,V
2457749.73273,2016-12-27.2305328,be,1.64,17.865,13.483,0.004,15.520,0.055,V
2457752.63575,2016-12-30.1334290,be,1.59,17.659,13.499,0.005,15.293,0.066,V
2457754.80539,2017-01-01.3029870,be,1.50,18.012,13.486,0.003,15.477,0.048,V
2457757.74982,2017-01-04.2472976,be,1.48,17.821,13.488,0.004,15.446,0.057,V
2457760.68089,2017-01-07.1782627,be,1.64,17.570,13.490,0.005,15.416,0.072,V
2457761.82541,2017-01-08.3227450,be,1.50,17.836,13.487,0.004,15.463,0.056,V
2457762.58520,2017-01-09.0825121,be,1.50,16.977,13.488,0.009,15.445,0.124,V
2457764.57354,2017-01-11.0707976,be,1.47,16.939,13.486,0.009,15.467,0.129,V
2457766.75996,2017-01-13.2571435,be,1.56,16.842,13.503,0.010,15.226,0.141,V
2457768.79119,2017-01-15.2883209,be,1.61,17.103,13.489,0.008,15.423,0.111,V
2457770.73719,2017-01-17.2342666,be,1.67,17.516,13.497,0.005,15.311,0.076,V
2457771.67963,2017-01-18.1766805,be,1.53,17.633,13.491,0.005,15.393,0.068,V
2457772.58775,2017-01-19.0847872,be,1.47,17.467,13.463,0.005,15.799,0.079,V
2457774.59823,2017-01-21.0952122,be,1.42,17.824,13.489,0.004,15.423,0.057,V
2457775.66455,2017-01-22.1615156,be,1.54,17.761,13.484,0.004,15.497,0.060,V
2457778.70502,2017-01-25.2019269,be,1.49,17.649,13.482,0.005,15.530,0.067,V
2457780.62604,2017-01-27.1229168,be,1.39,17.614,13.487,0.005,15.452,0.069,V
2457781.65364,2017-01-28.1504914,be,1.45,17.522,13.462,0.005,15.811,0.075,V
2457783.60860,2017-01-30.1054321,be,1.44,17.594,13.498,0.005,15.296,0.070,V
2457785.63404,2017-02-01.1308480,be,1.56,17.602,13.465,0.005,15.770,0.070,V
2457787.71517,2017-02-03.2119576,be,1.73,17.604,13.505,0.005,15.198,0.070,V
2457791.64018,2017-02-07.1369372,be,1.54,17.207,13.505,0.007,15.197,0.101,V
2457794.82802,2017-02-10.3247600,be,1.59,16.544,13.450,0.013,15.990,0.185,V
2457796.65820,2017-02-12.1549465,be,1.50,16.358,13.492,0.016,15.382,0.220,V
2457797.71305,2017-02-13.2097975,be,1.54,17.063,13.495,0.008,15.347,0.115,V
2457799.75737,2017-02-15.2541157,be,1.48,17.039,13.478,0.008,15.578,0.117,V
2457800.66512,2017-02-16.1618689,be,1.49,17.383,13.498,0.006,15.300,0.085,V
2457801.58160,2017-02-17.0783517,be,1.61,17.638,13.488,0.005,15.444,0.068,V
2457803.55615,2017-02-19.0529112,be,1.50,17.750,13.484,0.004,15.492,0.061,V
2457805.65340,2017-02-21.1501799,be,1.48,17.684,13.484,0.005,15.498,0.065,V
2457807.61822,2017-02-23.1150211,be,1.42,17.642,13.457,0.005,15.882,0.067,V
2457816.66438,2017-03-04.1613232,be,1.53,17.747,13.482,0.004,15.526,0.061,V
2457818.55203,2017-03-06.0490100,be,1.73,17.368,13.455,0.006,15.916,0.087,V
2457822.67863,2017-03-10.1756976,be,1.49,16.828,13.479,0.010,15.570,0.143,V
2457823.61498,2017-03-11.1120766,be,1.51,16.986,13.461,0.008,15.834,0.123,V
2457826.66360,2017-03-14.1607754,be,1.44,16.823,13.464,0.010,15.788,0.143,V
2457827.59197,2017-03-15.0891753,be,1.53,17.189,13.471,0.007,15.690,0.102,V
2457830.73919,2017-03-18.2364892,be,1.45,17.193,13.467,0.007,15.737,0.102,V
2457831.72240,2017-03-19.2197296,be,1.52,17.485,13.447,0.005,16.029,0.078,V
2457832.72563,2017-03-20.2230017,be,1.57,17.357,13.468,0.006,15.733,0.088,V
2457833.72861,2017-03-21.2260050,be,1.45,17.324,13.494,0.006,15.357,0.090,V
2457834.71572,2017-03-22.2131520,be,1.55,17.683,13.482,0.005,15.534,0.065,V
2457835.61563,2017-03-23.1130957,be,1.50,17.553,13.458,0.005,15.868,0.073,V
2457837.67153,2017-03-25.1690704,be,1.51,17.724,13.497,0.004,15.315,0.062,V
2457840.54420,2017-03-28.0418564,be,1.48,17.803,13.473,0.004,15.657,0.058,V
2457844.68955,2017-04-01.1873686,be,1.52,17.652,13.494,0.005,15.359,0.067,V
2457845.65836,2017-04-02.1562160,be,1.61,17.425,13.496,0.006,15.322,0.082,V
2457846.68752,2017-04-03.1854182,be,1.56,17.620,13.490,0.005,15.417,0.069,V
2457850.68005,2017-04-07.1781324,be,1.61,16.835,13.504,0.010,15.216,0.142,V
2457852.48553,2017-04-08.9836951,be,1.66,17.207,13.458,0.007,15.876,0.100,V
2457855.62586,2017-04-12.1241700,be,1.57,17.015,13.471,0.008,15.680,0.120,V
2457856.52475,2017-04-13.0231067,be,1.48,16.635,13.458,0.012,15.870,0.170,V
2457857.53965,2017-04-14.0380560,be,1.45,17.475,13.480,0.005,15.550,0.078,V
2457867.51539,2017-04-24.0143049,be,1.49,17.864,13.493,0.004,15.369,0.055,V
2457873.50865,2017-04-30.0078899,be,1.60,17.352,13.507,0.006,15.174,0.088,V
2457877.53316,2017-05-04.0326181,be,1.46,17.390,13.468,0.006,15.725,0.085,V
2457880.53635,2017-05-07.0359775,be,1.98,17.303,13.486,0.006,15.474,0.092,V
2457883.58870,2017-05-10.0885017,be,1.57,16.629,13.472,0.012,15.669,0.171,V
2457889.56960,2017-05-16.0697372,be,1.48,17.596,13.475,0.005,15.630,0.070,V
2457893.55636,2017-05-20.0567179,be,1.75,17.617,13.488,0.005,15.437,0.069,V
2457895.52813,2017-05-22.0285991,be,1.46,17.404,13.508,0.006,15.162,0.084,V
2457901.53787,2017-05-28.0386686,be,2.00,17.483,13.490,0.005,15.420,0.078,V
2457903.52686,2017-05-30.0277646,be,1.46,17.562,13.488,0.005,15.440,0.072,V
2457904.49918,2017-05-31.0001421,be,1.61,17.517,13.486,0.005,15.470,0.076,V
2457910.50644,2017-06-06.0077171,be,1.51,17.188,13.493,0.007,15.373,0.102,V
2457911.49756,2017-06-06.9988887,be,1.52,16.993,13.497,0.009,15.309,0.122,V
2457915.49114,2017-06-10.9926697,be,1.60,17.189,13.482,0.007,15.522,0.102,V
2457923.46412,2017-06-18.9660408,be,1.47,17.637,13.472,0.005,15.676,0.068,V
2457925.45785,2017-06-20.9598607,be,1.74,16.937,13.466,0.009,15.754,0.129,V
2458000.91533,2017-09-04.4184836,be,1.58,16.733,13.471,0.011,15.691,0.156,V
2458003.90568,2017-09-07.4087668,be,1.50,16.962,13.479,0.009,15.569,0.126,V
2458007.89501,2017-09-11.3980028,be,1.74,17.448,13.490,0.006,15.407,0.080,V
2458014.90152,2017-09-18.4043206,be,1.42,17.032,13.460,0.008,15.840,0.118,V
2458015.88680,2017-09-19.3895702,be,1.67,17.393,13.498,0.006,15.307,0.085,V
2458017.88717,2017-09-21.3898756,be,1.56,17.285,13.527,0.007,14.892,0.093,V
2458019.87603,2017-09-23.3786687,be,1.44,17.407,13.466,0.006,15.753,0.084,V
2458022.88605,2017-09-26.3885710,be,1.53,17.665,13.483,0.005,15.510,0.066,V
2458023.87022,2017-09-27.3727097,be,1.47,17.580,13.481,0.005,15.548,0.071,V
2458029.84728,2017-10-03.3495379,be,1.68,17.367,13.493,0.006,15.375,0.087,V
2458033.83689,2017-10-07.3389665,be,1.53,17.014,13.491,0.008,15.398,0.120,V
2458038.86347,2017-10-12.3653174,be,1.49,17.335,13.489,0.006,15.434,0.089,V
2458040.82990,2017-10-14.3316483,be,1.82,17.813,13.478,0.004,15.579,0.058,V
2458041.83042,2017-10-15.3321128,be,1.80,17.431,13.490,0.006,15.413,0.082,V
2458043.82024,2017-10-17.3218354,be,1.64,17.535,13.479,0.005,15.568,0.074,V
2458053.78470,2017-10-27.2857716,be,1.71,17.722,13.471,0.004,15.686,0.063,V
2458055.78975,2017-10-29.2907179,be,2.42,17.663,13.502,0.005,15.241,0.066,V
2458056.78286,2017-10-30.2837768,be,1.40,17.625,13.467,0.005,15.747,0.068,V
2458067.78024,2017-11-10.2805348,be,1.47,17.540,13.479,0.005,15.574,0.074,V
2458068.77212,2017-11-11.2723560,be,1.47,17.467,13.495,0.006,15.348,0.079,V
2458069.78056,2017-11-12.2807442,be,1.42,17.387,13.508,0.006,15.163,0.085,V
2458070.77349,2017-11-13.2736099,be,1.47,17.408,13.506,0.006,15.193,0.083,V
2458071.73646,2017-11-14.2365258,be,1.47,17.455,13.474,0.006,15.641,0.080,V
2458072.72948,2017-11-15.2294909,be,1.47,17.740,13.485,0.004,15.487,0.061,V
2458073.77996,2017-11-16.2799053,be,1.48,17.543,13.491,0.005,15.404,0.074,V
2458075.80041,2017-11-18.3002437,be,1.68,17.687,13.490,0.005,15.418,0.065,V
2458076.81275,2017-11-19.3125260,be,1.58,17.473,13.478,0.005,15.583,0.079,V
2458079.71999,2017-11-22.2196017,be,1.56,17.556,13.491,0.005,15.401,0.073,V
2458080.72086,2017-11-23.2204116,be,1.47,17.556,13.495,0.005,15.350,0.073,V
2458081.75166,2017-11-24.2511513,be,1.66,17.543,13.481,0.005,15.535,0.074,V
2458082.80951,2017-11-25.3089450,be,1.56,17.521,13.505,0.005,15.206,0.075,V
2458086.77724,2017-11-29.2764425,be,1.64,17.594,13.475,0.005,15.621,0.070,V
2458092.72117,2017-12-05.2200498,be,1.47,16.925,13.492,0.009,15.385,0.130,V
2458095.79911,2017-12-08.2978399,be,1.46,17.201,13.476,0.007,15.613,0.101,V
2458097.77415,2017-12-10.2727715,be,1.49,17.458,13.463,0.005,15.798,0.080,V
2458099.72134,2017-12-12.2198531,be,1.58,17.493,13.475,0.005,15.625,0.077,V
2458103.80363,2017-12-16.3019375,be,1.49,17.655,13.482,0.005,15.533,0.067,V
2458106.79064,2017-12-19.2888056,be,1.46,17.373,13.514,0.006,15.080,0.086,V
2458108.81346,2017-12-21.3115244,be,1.95,17.584,13.495,0.005,15.350,0.071,V
2458111.76274,2017-12-24.2606799,be,1.47,17.608,13.496,0.005,15.328,0.069,V
2458118.63812,2017-12-31.1357695,be,1.49,16.932,13.499,0.009,15.284,0.129,V
2458119.64658,2018-01-01.1441865,be,1.57,16.875,13.484,0.010,15.495,0.136,V
2458121.74771,2018-01-03.2452406,be,1.51,16.765,13.488,0.011,15.447,0.151,V
2458153.70665,2018-02-04.2034238,be,1.47,17.321,13.474,0.006,15.641,0.090,V
2458157.74982,2018-02-08.2465726,be,1.48,17.578,13.493,0.005,15.376,0.071,V
2458158.68153,2018-02-09.1782780,be,1.38,17.575,13.464,0.005,15.795,0.072,V
2458159.67698,2018-02-10.1737221,be,1.42,17.596,13.484,0.005,15.502,0.070,V
2458160.62296,2018-02-11.1197118,be,1.44,17.556,13.470,0.005,15.699,0.073,V
2458161.63397,2018-02-12.1307197,be,1.35,17.401,13.477,0.006,15.594,0.084,V
2458162.69390,2018-02-13.1906427,be,1.40,17.412,13.443,0.006,16.097,0.083,V
2458163.68462,2018-02-14.1813659,be,1.42,17.700,13.478,0.004,15.584,0.064,V
2458164.65798,2018-02-15.1547309,be,1.49,17.476,13.469,0.005,15.716,0.078,V
2458165.59580,2018-02-16.0925547,be,1.41,17.506,13.477,0.005,15.606,0.076,V
2458166.59933,2018-02-17.0960888,be,1.39,17.529,13.462,0.005,15.810,0.075,V
2458168.57815,2018-02-19.0749210,be,1.45,17.810,13.487,0.004,15.460,0.058,V
2458171.64607,2018-02-22.1428629,be,1.45,17.453,13.466,0.006,15.756,0.080,V
2458172.70533,2018-02-23.2021285,be,1.50,17.435,13.470,0.006,15.699,0.081,V
2458173.73447,2018-02-24.2312803,be,1.45,17.391,13.459,0.006,15.865,0.085,V
2458174.58901,2018-02-25.0858293,be,1.45,17.377,13.445,0.006,16.068,0.086,V
2458176.72907,2018-02-27.2259209,be,1.52,16.684,13.468,0.011,15.734,0.163,V
2458179.77117,2018-03-02.268075,be,1.47,16.196,13.467,0.018,15.739,0.255,V
2458180.63419,2018-03-03.1311055,be,1.52,17.354,13.480,0.006,15.559,0.088,V
2458181.57933,2018-03-04.0762591,be,1.41,17.060,13.492,0.008,15.386,0.115,V
2458183.69994,2018-03-06.1969215,be,1.47,17.293,13.460,0.006,15.846,0.093,V
2458185.55250,2018-03-08.0495140,be,1.44,17.749,13.475,0.004,15.635,0.061,V
2458186.56737,2018-03-09.0644063,be,1.48,17.664,13.455,0.005,15.923,0.066,V
2458187.57803,2018-03-10.0750986,be,1.42,17.756,13.456,0.004,15.905,0.061,V
2458188.73718,2018-03-11.2342678,be,1.42,17.524,13.457,0.005,15.893,0.075,V
2458189.76267,2018-03-12.2597960,be,1.46,17.500,13.464,0.005,15.792,0.077,V
2458190.75783,2018-03-13.2549812,be,1.42,17.419,13.458,0.006,15.868,0.083,V
2458191.75722,2018-03-14.2543896,be,1.47,17.388,13.438,0.006,16.164,0.085,V
2458192.75212,2018-03-15.2493221,be,1.41,17.528,13.459,0.005,15.859,0.075,V
2458193.75135,2018-03-16.2485859,be,1.49,17.258,13.488,0.007,15.440,0.096,V
2458194.74680,2018-03-17.2440576,be,1.45,17.346,13.418,0.006,16.472,0.088,V
2458195.74560,2018-03-18.2428865,be,1.59,17.309,13.435,0.006,16.221,0.091,V
2458196.74097,2018-03-19.2382956,be,1.52,17.380,13.452,0.006,15.958,0.086,V
2458197.74032,2018-03-20.2376798,be,1.49,17.592,13.477,0.005,15.595,0.071,V
2458198.73538,2018-03-21.2327768,be,1.49,17.264,13.432,0.006,16.259,0.095,V
2458199.72668,2018-03-22.2241034,be,1.44,17.268,13.447,0.006,16.031,0.095,V
2458200.72974,2018-03-23.2271995,be,1.40,17.454,13.463,0.006,15.805,0.080,V
2458201.72867,2018-03-24.2261664,be,1.41,17.377,13.463,0.006,15.799,0.086,V
2458202.72403,2018-03-25.2215608,be,1.50,17.373,13.432,0.006,16.266,0.086,V
2458204.71839,2018-03-27.2159935,be,1.48,16.991,13.444,0.008,16.087,0.123,V
2458205.51155,2018-03-28.0091920,be,1.39,17.133,13.428,0.007,16.315,0.108,V
2458207.71180,2018-03-30.2095291,be,1.45,16.527,13.436,0.013,16.203,0.188,V
2458208.52853,2018-03-31.0262880,be,1.47,16.810,13.412,0.010,16.557,0.145,V
2458209.54650,2018-04-01.0443017,be,1.48,16.805,13.458,0.010,15.872,0.146,V
2458210.61207,2018-04-02.1099141,be,1.51,16.899,13.453,0.009,15.945,0.134,V
2458211.59524,2018-04-03.0931268,be,1.55,17.129,13.431,0.007,16.273,0.108,V
2458212.53286,2018-04-04.0307932,be,1.40,17.451,13.467,0.006,15.740,0.080,V
2458213.69607,2018-04-05.1940480,be,1.37,17.082,13.467,0.008,15.744,0.113,V
2458214.50792,2018-04-06.0059331,be,1.41,17.401,13.455,0.006,15.922,0.084,V
2458215.69037,2018-04-07.1884449,be,1.44,17.253,13.450,0.007,15.994,0.096,V
2458216.68581,2018-04-08.1839254,be,1.45,17.438,13.453,0.006,15.944,0.081,V
2458217.68512,2018-04-09.1832857,be,1.44,17.431,13.459,0.006,15.862,0.082,V
2458220.67086,2018-04-12.1691656,be,1.47,17.377,13.478,0.006,15.588,0.086,V
2458222.66910,2018-04-14.1675045,be,1.47,17.355,13.437,0.006,16.186,0.088,V
2458223.66870,2018-04-15.1671464,be,1.39,17.437,13.456,0.006,15.907,0.081,V
2458224.66375,2018-04-16.1622442,be,1.62,17.137,13.418,0.007,16.473,0.107,V
2458225.66307,2018-04-17.1616203,be,1.45,17.504,13.475,0.005,15.631,0.076,V
2458226.65834,2018-04-18.1569392,be,1.48,17.330,13.482,0.006,15.523,0.090,V
2458227.65764,2018-04-19.1562931,be,1.54,17.293,13.449,0.006,16.004,0.093,V
2458228.64851,2018-04-20.1472138,be,1.59,17.214,13.456,0.007,15.907,0.100,V
2458230.64871,2018-04-22.1475231,be,1.51,17.300,13.468,0.006,15.733,0.092,V
2458233.54670,2018-04-25.0456581,be,1.43,17.234,13.454,0.007,15.940,0.098,V
2458238.56653,2018-04-30.0657608,be,1.41,16.614,13.488,0.012,15.447,0.174,V
2458241.60829,2018-05-03.1076857,be,1.48,17.276,13.472,0.007,15.675,0.094,V
2458243.60641,2018-05-05.1059175,be,1.54,17.156,13.466,0.007,15.756,0.105,V
2458259.56030,2018-05-21.0607026,be,1.45,17.307,13.479,0.006,15.564,0.092,V
2458263.52121,2018-05-25.0218334,be,1.51,17.162,13.452,0.007,15.968,0.105,V
2458282.47416,2018-06-12.9757827,bi,1.59,18.139,13.800,0.004,10.966,0.040,g
2458284.47839,2018-06-14.9801017,bi,1.51,18.164,13.810,0.004,10.860,0.039,g
2458289.46367,2018-06-19.9656166,bi,1.55,17.915,13.794,0.005,11.024,0.050,g
2458293.44920,2018-06-23.9513268,bi,1.41,17.336,13.774,0.008,11.231,0.084,g
2458364.91494,2018-09-03.4181108,be,1.43,16.780,13.468,0.010,15.733,0.149,V
2458367.90816,2018-09-06.4112805,be,1.54,17.154,13.463,0.007,15.808,0.106,V
2458368.90465,2018-09-07.4077408,be,1.47,17.573,13.480,0.005,15.552,0.072,V
2458370.89789,2018-09-09.4009445,be,1.50,17.571,13.452,0.005,15.963,0.072,V
2458371.89416,2018-09-10.3971883,bi,1.49,17.929,13.775,0.005,11.219,0.049,g
2458372.89479,2018-09-11.3977928,be,1.41,17.668,13.481,0.005,15.544,0.066,V
2458377.88896,2018-09-16.3918239,be,1.57,17.658,13.472,0.005,15.670,0.066,V
2458383.88191,2018-09-22.3845859,bi,1.97,17.832,13.774,0.005,11.232,0.053,g
2458384.88278,2018-09-23.3854166,be,1.45,17.083,13.434,0.008,16.228,0.113,V
2458385.88318,2018-09-24.3857871,be,1.61,17.005,13.475,0.008,15.625,0.121,V
2458393.86984,2018-10-02.3721408,bE,2.02,17.976,13.779,0.005,11.177,0.047,g
2458396.86356,2018-10-05.3657302,bE,2.22,18.127,13.785,0.004,11.115,0.041,g
2458397.86403,2018-10-06.3661550,bE,1.96,18.353,13.777,0.003,11.204,0.033,g
2458398.86071,2018-10-07.3627962,bE,2.24,18.265,13.756,0.003,11.419,0.036,g
2458403.87496,2018-10-12.3768081,bE,1.44,18.109,13.803,0.004,10.931,0.041,g
2458404.86403,2018-10-13.3658379,bE,1.44,18.375,13.793,0.003,11.040,0.032,g
2458405.86069,2018-10-14.3624437,bE,1.58,18.505,13.811,0.003,10.859,0.029,g
2458406.85971,2018-10-15.3614212,bE,1.49,17.931,13.802,0.005,10.941,0.049,g
2458409.81605,2018-10-18.3176112,bE,1.43,18.496,13.804,0.003,10.928,0.029,g
2458410.85431,2018-10-19.3558129,bE,1.46,18.311,13.791,0.003,11.057,0.034,g
2458412.80622,2018-10-21.3076383,bE,1.54,17.716,13.768,0.006,11.288,0.060,g
2458413.80290,2018-10-22.3042673,bi,1.48,17.164,13.803,0.010,10.940,0.099,g
2458415.79588,2018-10-24.2971298,bi,1.45,17.205,13.787,0.009,11.101,0.095,g
2458424.77759,2018-11-02.2783571,bi,1.96,18.218,13.808,0.004,10.881,0.037,g
2458426.82269,2018-11-04.3233310,bi,1.46,17.923,13.782,0.005,11.152,0.049,g
2458430.83402,2018-11-08.3344357,bE,1.51,17.819,13.758,0.005,11.397,0.054,g
2458431.82687,2018-11-09.3272267,bE,2.09,18.433,13.783,0.003,11.139,0.031,g
2458436.83844,2018-11-14.3385094,bE,1.50,18.029,13.790,0.004,11.064,0.045,g
2458437.81677,2018-11-15.3167956,bE,1.49,18.179,13.786,0.004,11.108,0.039,g
2458438.75298,2018-11-16.2529447,bE,1.43,18.347,13.784,0.003,11.130,0.033,g
2458440.75190,2018-11-18.2517434,bi,1.39,17.800,13.809,0.006,10.875,0.055,g
2458441.85455,2018-11-19.3543442,bi,2.08,17.821,13.810,0.005,10.869,0.054,g
2458443.71314,2018-11-21.2128166,bi,2.01,17.147,13.849,0.010,10.486,0.101,g
2458444.84937,2018-11-22.3489869,bi,1.49,17.392,13.810,0.008,10.868,0.080,g
2458448.85607,2018-11-26.3554586,bi,1.51,17.647,13.810,0.006,10.861,0.063,g
2458451.85078,2018-11-29.3499975,bi,1.45,17.742,13.806,0.006,10.907,0.058,g
2458452.83459,2018-11-30.3337568,bE,1.50,18.167,13.782,0.004,11.145,0.039,g
2458453.75194,2018-12-01.2510560,bE,1.44,18.358,13.782,0.003,11.150,0.033,g
2458455.80700,2018-12-03.3059935,bi,1.44,18.220,13.823,0.004,10.740,0.037,g
2458458.72828,2018-12-06.2271179,bE,1.50,18.460,13.783,0.003,11.142,0.030,g
2458463.70009,2018-12-11.1986718,bE,1.43,18.488,13.797,0.003,10.998,0.029,g
2458464.67823,2018-12-12.1767502,bE,1.50,18.394,13.788,0.003,11.086,0.032,g
2458465.72345,2018-12-13.2219263,bE,1.48,18.814,13.805,0.002,10.919,0.022,g
2458467.81766,2018-12-15.3160332,bE,1.46,17.814,13.804,0.005,10.924,0.054,g
2458468.64481,2018-12-16.1431453,bE,1.52,18.121,13.789,0.004,11.080,0.041,g
2458469.76918,2018-12-17.2674542,bE,1.48,18.514,13.803,0.003,10.932,0.029,g
2458471.70444,2018-12-19.2026188,bE,1.52,17.767,13.793,0.006,11.040,0.057,g
2458474.67158,2018-12-22.1696246,bi,1.56,17.357,13.811,0.008,10.859,0.083,g
2458475.73128,2018-12-23.2292856,bi,1.43,17.164,13.786,0.010,11.106,0.099,g
2458476.76105,2018-12-24.2589998,bi,1.45,17.282,13.795,0.009,11.013,0.089,g
2458477.74610,2018-12-25.2440032,bi,1.45,17.587,13.816,0.007,10.807,0.067,g
2458478.73256,2018-12-26.2304188,bi,1.45,17.587,13.796,0.007,11.004,0.067,g
2458479.71779,2018-12-27.2156089,bi,1.41,17.808,13.795,0.005,11.015,0.055,g
2458480.74427,2018-12-28.2420523,bi,1.47,17.838,13.810,0.005,10.865,0.053,g
2458482.80393,2018-12-30.3016248,bE,1.53,18.304,13.781,0.003,11.163,0.035,g
2458483.81192,2018-12-31.3095744,bE,1.45,18.270,13.771,0.003,11.263,0.036,g
2458486.82302,2019-01-03.3205569,bi,1.45,17.904,13.806,0.005,10.909,0.050,g
2458488.82421,2019-01-05.3216726,bE,1.46,17.939,13.793,0.005,11.040,0.048,g
2458491.83359,2019-01-08.3309410,bE,1.61,18.558,13.787,0.003,11.096,0.027,g
2458492.80494,2019-01-09.3022626,bi,1.40,18.068,13.825,0.004,10.716,0.043,g
2458493.79375,2019-01-10.2910429,bE,1.48,18.332,13.790,0.003,11.062,0.034,g
2458494.86137,2019-01-11.3586318,bi,1.44,17.897,13.799,0.005,10.977,0.050,g
2458495.86584,2019-01-12.3630605,bE,1.50,17.464,13.824,0.008,10.721,0.075,g
2458496.63452,2019-01-13.1317177,bE,1.55,18.297,13.789,0.003,11.074,0.035,g
2458497.62217,2019-01-14.1193476,bi,1.49,18.008,13.821,0.005,10.751,0.045,g
2458498.57958,2019-01-15.0767274,bE,1.53,18.496,13.786,0.003,11.111,0.029,g
2458499.60368,2019-01-16.1007983,bi,1.46,17.650,13.782,0.006,11.150,0.063,g
2458500.78184,2019-01-17.278925,bE,1.43,18.445,13.791,0.003,11.058,0.030,g
2458501.78954,2019-01-18.2866041,bE,1.56,18.303,13.789,0.003,11.075,0.035,g
2458502.74662,2019-01-19.2436634,bE,1.51,17.687,13.823,0.006,10.733,0.061,g
2458503.63624,2019-01-20.1332577,bi,1.52,17.412,13.805,0.008,10.916,0.079,g
2458504.72525,2019-01-21.2222393,bE,1.50,18.320,13.795,0.003,11.017,0.034,g
2458505.76192,2019-01-22.2588915,bi,1.53,17.149,13.803,0.010,10.933,0.100,g
2458506.77570,2019-01-23.2726475,bi,1.41,17.181,13.786,0.010,11.104,0.097,g
2458507.61288,2019-01-24.1098164,bi,1.52,17.683,13.796,0.006,11.003,0.061,g
2458508.70554,2019-01-25.2024581,bE,1.45,17.911,13.804,0.005,10.921,0.050,g
2458509.73458,2019-01-26.2314726,bi,1.42,17.847,13.797,0.005,10.992,0.053,g
2458510.58990,2019-01-27.0867833,bi,1.47,18.259,13.814,0.004,10.829,0.036,g
2458511.79782,2019-01-28.2946890,bE,1.95,17.970,13.764,0.005,11.336,0.047,g
2458512.65605,2019-01-29.1529003,bi,1.38,18.399,13.836,0.003,10.609,0.032,g
2458513.62909,2019-01-30.1259274,bi,1.43,18.020,13.797,0.004,10.998,0.045,g
2458514.72574,2019-01-31.2225560,bi,1.36,18.007,13.816,0.005,10.807,0.046,g
2458515.68036,2019-02-01.1771702,bi,1.48,18.185,13.819,0.004,10.780,0.039,g
2458516.75122,2019-02-02.2480130,bi,1.46,18.205,13.841,0.004,10.562,0.038,g
2458517.80612,2019-02-03.3029055,bi,1.42,18.114,13.809,0.004,10.874,0.041,g
2458519.85759,2019-02-05.3543577,bE,1.48,17.949,13.795,0.005,11.018,0.048,g
2458523.63610,2019-02-09.1328462,bE,1.44,18.258,13.773,0.003,11.244,0.036,g
2458524.67894,2019-02-10.1756890,bi,1.47,17.983,13.807,0.005,10.898,0.047,g
2458526.58099,2019-02-12.0777344,bi,1.51,17.891,13.812,0.005,10.843,0.051,g
2458527.59481,2019-02-13.0915486,bi,1.46,17.673,13.803,0.006,10.934,0.062,g
2458528.67562,2019-02-14.1723597,bE,1.51,18.211,13.784,0.004,11.123,0.038,g
2458529.64773,2019-02-15.1444755,bE,1.48,18.450,13.793,0.003,11.035,0.030,g
2458532.63968,2019-02-18.1364378,bi,1.38,17.354,13.803,0.008,10.940,0.083,g
2458533.52013,2019-02-19.0168875,bi,2.01,17.058,13.829,0.011,10.673,0.109,g
2458534.68591,2019-02-20.1826746,bE,1.50,17.185,13.829,0.010,10.679,0.097,g
2458535.60023,2019-02-21.0970179,bi,1.44,17.211,13.779,0.009,11.184,0.095,g
2458535.78949,2019-02-21.2862722,bE,1.52,17.279,13.770,0.009,11.272,0.089,g
2458536.61041,2019-02-22.1071903,bi,1.45,17.460,13.755,0.007,11.433,0.075,g
2458536.81223,2019-02-22.3090157,bE,1.57,17.527,13.788,0.007,11.082,0.071,g
2458537.61385,2019-02-23.1106418,bi,1.47,17.747,13.809,0.006,10.875,0.058,g
2458537.81125,2019-02-23.3080539,bE,1.45,17.481,13.785,0.007,11.115,0.074,g
2458538.62162,2019-02-24.1184292,bE,1.45,18.403,13.809,0.003,10.874,0.032,g
2458539.62476,2019-02-25.1215793,bE,1.48,18.463,13.791,0.003,11.061,0.030,g
2458540.61954,2019-02-26.1163792,bE,1.47,18.385,13.774,0.003,11.230,0.032,g
2458541.61895,2019-02-27.1158062,bE,1.53,18.458,13.775,0.003,11.225,0.030,g
2458542.61041,2019-02-28.1072715,bE,1.48,18.378,13.825,0.003,10.719,0.032,g
2458543.61289,2019-03-01.1097604,bE,1.46,18.513,13.796,0.003,11.009,0.029,g
2458544.79007,2019-03-02.2869663,bE,1.51,18.215,13.769,0.004,11.284,0.038,g
2458546.78442,2019-03-04.2813548,bE,1.56,18.235,13.790,0.004,11.067,0.037,g
2458547.77966,2019-03-05.2766097,bE,1.47,18.306,13.824,0.004,10.730,0.035,g
2458548.77881,2019-03-06.2757881,bE,1.55,18.228,13.770,0.004,11.272,0.037,g
2458549.75986,2019-03-07.2568564,bE,1.46,18.376,13.786,0.003,11.109,0.032,g
2458550.76645,2019-03-08.2634638,bE,1.55,18.355,13.782,0.003,11.149,0.033,g
2458551.76616,2019-03-09.2632052,bi,1.48,18.094,13.809,0.004,10.870,0.042,g
2458552.76522,2019-03-10.2622826,bi,1.41,17.784,13.772,0.005,11.250,0.056,g
2458553.55430,2019-03-11.0513769,bE,1.45,18.269,13.784,0.003,11.123,0.036,g
2458554.64613,2019-03-12.1432437,bE,1.42,18.394,13.786,0.003,11.106,0.032,g
2458555.68725,2019-03-13.1843876,bi,1.36,18.220,13.819,0.004,10.772,0.037,g
2458556.70166,2019-03-14.1988230,bi,1.42,18.035,13.796,0.004,11.006,0.044,g
2458558.74138,2019-03-16.2386045,bi,1.46,18.003,13.803,0.005,10.937,0.046,g
2458559.55708,2019-03-17.0543253,bi,1.39,17.720,13.826,0.006,10.710,0.059,g
2458561.52552,2019-03-19.0228392,bi,1.45,17.501,13.804,0.007,10.928,0.073,g
2458562.62758,2019-03-20.1249287,bE,1.49,17.303,13.795,0.009,11.016,0.087,g
2458563.66734,2019-03-21.1647140,bi,1.39,16.639,13.778,0.016,11.191,0.160,g
2458564.66764,2019-03-22.1650537,bi,1.49,17.185,13.803,0.010,10.933,0.097,g
2458565.54768,2019-03-23.0451238,bi,1.48,17.480,13.801,0.007,10.953,0.074,g
2458565.72989,2019-03-23.2273427,bE,1.45,17.354,13.779,0.008,11.176,0.083,g
2458566.52461,2019-03-24.0220886,bi,1.58,18.097,13.802,0.004,10.946,0.042,g
2458566.71729,2019-03-24.2147836,bE,1.48,17.438,13.764,0.007,11.331,0.077,g
2458567.54135,2019-03-25.0388687,bE,1.43,18.367,13.800,0.003,10.966,0.033,g
2458568.53702,2019-03-26.0345732,bE,1.46,18.411,13.782,0.003,11.151,0.031,g
2458568.72010,2019-03-26.2176612,bi,1.49,17.457,13.776,0.007,11.213,0.076,g
2458571.31087,2019-03-28.8085217,bm,1.52,17.961,13.815,0.005,10.817,0.047,g
2458572.46930,2019-03-29.9670050,bm,1.54,17.782,13.793,0.006,11.041,0.056,g
2458574.55460,2019-04-01.0523909,bE,1.43,18.139,13.779,0.004,11.183,0.040,g
2458575.65557,2019-04-02.1534055,bi,1.48,18.211,13.824,0.004,10.724,0.038,g
2458576.61374,2019-04-03.1116133,bi,1.43,17.993,13.801,0.005,10.952,0.046,g
2458578.50090,2019-04-04.9988635,bE,1.48,18.212,13.771,0.004,11.261,0.038,g
2458579.52326,2019-04-06.0212697,bE,1.46,18.537,13.788,0.003,11.084,0.028,g
2458580.54664,2019-04-07.0446865,bi,1.45,17.999,13.796,0.005,11.004,0.046,g
2458581.53442,2019-04-08.0325084,bi,1.38,17.952,13.769,0.005,11.283,0.048,g
2458582.53966,2019-04-09.0378050,bi,1.39,17.895,13.789,0.005,11.079,0.050,g
2458583.54748,2019-04-10.0456734,bE,1.51,18.513,13.797,0.003,10.996,0.029,g
2458584.52490,2019-04-11.0231407,bi,1.40,18.181,13.813,0.004,10.835,0.039,g
2458585.54379,2019-04-12.0420729,bi,2.00,17.851,13.781,0.005,11.155,0.053,g
2458586.53703,2019-04-13.0353641,bE,1.47,18.189,13.774,0.004,11.231,0.039,g
2458586.67356,2019-04-13.1719028,bi,1.41,17.702,13.783,0.006,11.139,0.060,g
2458587.67856,2019-04-14.1769478,bi,1.53,17.214,13.810,0.009,10.862,0.095,g
2458588.54733,2019-04-15.0457576,bE,1.47,17.636,13.778,0.006,11.189,0.064,g
2458589.56181,2019-04-16.0602870,bi,1.46,17.189,13.770,0.009,11.271,0.097,g
2458591.60311,2019-04-18.1016915,bi,1.39,17.100,13.774,0.010,11.229,0.105,g
2458592.30390,2019-04-18.8025159,bm,1.54,16.786,13.760,0.013,11.380,0.140,g
2458594.60673,2019-04-21.1054637,bE,1.47,17.401,13.759,0.008,11.393,0.080,g
2458595.64056,2019-04-22.1393510,bi,1.51,17.491,13.794,0.007,11.029,0.073,g
2458596.59628,2019-04-23.0951149,bE,1.44,17.924,13.775,0.005,11.216,0.049,g
2458600.35124,2019-04-26.8502805,bm,1.49,17.691,13.776,0.006,11.210,0.061,g
2458601.51079,2019-04-28.0098876,bE,1.48,18.257,13.762,0.003,11.356,0.036,g
2458602.49657,2019-04-28.9957254,bi,1.46,17.986,13.795,0.005,11.017,0.046,g
2458604.52895,2019-05-01.0282178,bi,1.45,18.073,13.796,0.004,11.003,0.043,g
2458605.51329,2019-05-02.0126081,bi,1.41,17.992,13.788,0.005,11.090,0.046,g
2458611.51233,2019-05-08.0119858,bE,1.43,18.435,13.788,0.003,11.085,0.031,g
2458612.58297,2019-05-09.0826802,bi,1.59,17.986,13.792,0.005,11.044,0.046,g
2458614.51585,2019-05-11.0156717,bi,1.50,17.858,13.778,0.005,11.187,0.052,g
2458615.56776,2019-05-12.0676431,bi,1.42,17.669,13.804,0.006,10.927,0.062,g
2458617.49939,2019-05-13.9993932,bi,1.42,17.590,13.785,0.007,11.116,0.067,g
2458618.57892,2019-05-15.0789763,bE,1.44,17.462,13.753,0.007,11.446,0.075,g
2458620.47611,2019-05-16.9762723,bi,1.49,17.197,13.776,0.009,11.211,0.096,g
2458622.29735,2019-05-18.7976085,bm,1.48,16.961,13.769,0.011,11.282,0.119,g
2458624.56816,2019-05-21.0685565,bi,1.42,17.157,13.785,0.010,11.122,0.100,g
2458625.49277,2019-05-21.9932175,bi,1.46,17.874,13.770,0.005,11.275,0.051,g
2458627.28750,2019-05-23.7880412,bm,1.50,17.750,13.768,0.006,11.296,0.058,g
2458629.30149,2019-05-25.8021459,bm,1.47,17.536,13.788,0.007,11.087,0.070,g
2458637.23649,2019-06-02.7375649,bm,1.50,17.774,13.792,0.006,11.051,0.056,g
2458642.49524,2019-06-07.9965958,bE,1.54,18.118,13.773,0.004,11.239,0.041,g
2458643.51101,2019-06-09.0124130,bE,1.53,18.025,13.773,0.004,11.246,0.045,g
2458647.48752,2019-06-12.9891240,bE,1.54,17.411,13.778,0.008,11.188,0.079,g
2458648.50032,2019-06-14.0019695,bi,1.49,17.304,13.812,0.009,10.843,0.087,g
2458653.49115,2019-06-18.9930515,bi,1.48,17.216,13.777,0.009,11.196,0.094,g
2458658.47273,2019-06-23.9748495,bE,1.49,18.161,13.756,0.004,11.414,0.039,g
2458660.20329,2019-06-25.7054784,bm,1.55,17.714,13.785,0.006,11.122,0.060,g
2458668.19008,2019-07-03.6925877,bm,2.10,16.868,13.737,0.012,11.624,0.130,g
2458741.89851,2019-09-15.4014136,bi,1.51,16.987,13.749,0.011,11.496,0.116,g
2458742.90427,2019-09-16.4071576,bE,1.57,16.953,13.779,0.012,11.184,0.120,g
2458746.88991,2019-09-20.3926719,bE,1.52,17.794,13.778,0.005,11.191,0.055,g
2458753.87777,2019-09-27.3802793,bi,1.45,17.806,13.783,0.005,11.137,0.055,g
2458754.88199,2019-09-28.3844611,bi,1.54,17.897,13.790,0.005,11.069,0.050,g
2458755.85982,2019-09-29.3622491,bE,1.49,18.140,13.769,0.004,11.281,0.040,g
2458757.87596,2019-10-01.3783076,bE,1.47,18.156,13.773,0.004,11.239,0.040,g
2458758.87361,2019-10-02.3759134,bE,1.50,17.551,13.791,0.007,11.056,0.069,g
2458760.59741,2019-10-04.0996399,bm,1.56,17.767,13.788,0.006,11.084,0.057,g
2458762.60583,2019-10-06.1079807,bm,1.49,17.821,13.800,0.005,10.967,0.054,g
2458762.88232,2019-10-06.3844677,bE,1.46,18.091,13.777,0.004,11.200,0.042,g
2458765.84225,2019-10-09.3442487,bE,1.47,18.161,13.762,0.004,11.359,0.040,g
2458767.57838,2019-10-11.0803062,bm,1.52,17.353,13.768,0.008,11.294,0.083,g
2458767.83671,2019-10-11.3386289,bE,1.52,17.338,13.761,0.008,11.366,0.084,g
2458771.81816,2019-10-15.3198813,bE,1.58,17.466,13.799,0.007,10.971,0.075,g
2458773.86852,2019-10-17.3701403,bi,1.41,17.415,13.767,0.008,11.303,0.079,g
2458776.81549,2019-10-20.3169658,bi,1.40,17.721,13.803,0.006,10.939,0.059,g
2458781.84765,2019-10-25.3488599,bE,1.49,18.319,13.779,0.003,11.183,0.034,g
2458783.84894,2019-10-27.3500339,bE,1.48,18.318,13.789,0.003,11.077,0.034,g
2458791.78225,2019-11-04.2829170,bE,1.50,18.056,13.777,0.004,11.199,0.044,g
2458792.79671,2019-11-05.2973064,bE,1.47,18.081,13.755,0.004,11.427,0.043,g
2458793.76826,2019-11-06.2688122,bi,1.41,17.569,13.779,0.007,11.178,0.068,g
2458793.85455,2019-11-06.3550976,bE,1.48,17.774,13.802,0.006,10.943,0.056,g
2458794.76262,2019-11-07.2631128,bE,1.50,17.751,13.766,0.006,11.315,0.058,g
2458795.75940,2019-11-08.2598304,bE,1.46,17.511,13.783,0.007,11.142,0.072,g
2458797.84668,2019-11-10.3469901,bi,1.41,17.494,13.799,0.007,10.978,0.073,g
2458798.75390,2019-11-11.2541706,bE,1.54,17.278,13.760,0.009,11.375,0.089,g
2458799.55943,2019-11-12.0596515,bm,1.55,17.113,13.812,0.010,10.844,0.104,g
2458800.74757,2019-11-13.2477136,bE,1.49,17.260,13.811,0.009,10.857,0.091,g
2458801.86036,2019-11-14.3604442,bi,1.40,16.643,13.797,0.016,10.995,0.160,g
2458803.75007,2019-11-16.2500486,bE,1.50,17.655,13.783,0.006,11.138,0.063,g
2458804.82967,2019-11-17.3295856,bi,1.39,17.672,13.800,0.006,10.966,0.062,g
2458806.82238,2019-11-19.3221803,bi,1.45,17.372,13.761,0.008,11.362,0.082,g
2458807.80896,2019-11-20.3087020,bi,1.45,17.835,13.790,0.005,11.069,0.053,g
2458808.80317,2019-11-21.3028560,bE,1.43,18.036,13.752,0.004,11.461,0.044,g
2458809.80020,2019-11-22.2998325,bi,1.49,17.791,13.778,0.005,11.192,0.056,g
2458810.83445,2019-11-23.3340201,bE,1.46,18.253,13.770,0.004,11.268,0.036,g
2458811.81914,2019-11-24.3186651,bi,1.39,18.132,13.824,0.004,10.722,0.041,g
2458812.75618,2019-11-25.2556392,bE,1.43,18.227,13.776,0.004,11.206,0.037,g
2458813.74566,2019-11-26.2450627,bE,1.50,18.231,13.794,0.004,11.028,0.037,g
2458815.70414,2019-11-28.2034353,bE,1.47,17.717,13.797,0.006,10.995,0.059,g
2458815.79734,2019-11-28.2966371,bi,1.43,17.974,13.829,0.005,10.676,0.047,g
2458816.83851,2019-11-29.3377440,bi,1.44,17.895,13.788,0.005,11.092,0.050,g
2458817.83180,2019-11-30.3309824,bi,1.39,17.902,13.802,0.005,10.944,0.050,g
2458819.79494,2019-12-02.2940160,bi,1.44,17.928,13.786,0.005,11.107,0.049,g
2458820.82706,2019-12-03.3260810,bE,1.55,18.350,13.782,0.003,11.153,0.033,g
2458821.81010,2019-12-04.3090640,bi,1.51,17.109,13.787,0.010,11.098,0.104,g
2458822.80900,2019-12-05.3079107,bE,1.49,18.411,13.793,0.003,11.037,0.031,g
2458823.81737,2019-12-06.3162233,bE,1.52,18.369,13.784,0.003,11.127,0.033,g
2458824.83209,2019-12-07.3308871,bi,1.41,17.765,13.774,0.006,11.228,0.057,g
2458825.51186,2019-12-08.0106109,bm,1.53,17.468,13.785,0.007,11.114,0.075,g
2458825.81489,2019-12-08.3136346,bE,1.44,18.396,13.784,0.003,11.132,0.032,g
2458827.67918,2019-12-10.1778252,bi,1.43,17.098,13.792,0.010,11.051,0.105,g
2458827.84629,2019-12-10.3449277,bE,1.47,17.877,13.759,0.005,11.383,0.051,g
2458828.71791,2019-12-11.2164971,bE,1.50,17.530,13.782,0.007,11.149,0.071,g
2458831.67263,2019-12-14.1710733,bi,1.45,17.243,13.795,0.009,11.015,0.092,g
2458832.77643,2019-12-15.2748146,bi,1.45,17.213,13.765,0.009,11.328,0.095,g
2458833.77626,2019-12-16.2745962,bE,1.48,17.624,13.787,0.006,11.102,0.065,g
2458834.70176,2019-12-17.2000504,bi,1.44,17.637,13.810,0.006,10.863,0.064,g
2458834.71579,2019-12-17.2140814,bE,1.47,17.531,13.770,0.007,11.275,0.071,g
2458835.83804,2019-12-18.3362723,bi,1.46,17.471,13.786,0.007,11.103,0.075,g
2458836.83121,2019-12-19.3293997,bi,1.43,17.755,13.767,0.006,11.302,0.057,g
2458838.80097,2019-12-21.2990708,bi,1.42,17.408,13.764,0.008,11.339,0.079,g
2458839.80572,2019-12-22.3037675,bi,1.42,17.879,13.815,0.005,10.813,0.051,g
2458840.78084,2019-12-23.2788446,bE,1.52,18.301,13.793,0.003,11.040,0.035,g
2458841.50413,2019-12-24.0020947,bm,1.60,17.798,13.794,0.005,11.029,0.055,g
2458841.82704,2019-12-24.3249936,bE,1.50,18.143,13.749,0.004,11.494,0.040,g
2458842.77049,2019-12-25.2684025,bi,1.45,17.907,13.769,0.005,11.281,0.050,g
2458843.77759,2019-12-26.2754560,bi,1.34,17.919,13.809,0.005,10.875,0.049,g
2458845.80844,2019-12-28.3062232,bi,1.39,17.710,13.766,0.006,11.311,0.060,g
2458846.82729,2019-12-29.3250271,bi,1.50,17.885,13.780,0.005,11.172,0.051,g
2458847.81253,2019-12-30.3102356,bi,1.37,18.005,13.799,0.005,10.977,0.046,g
2458848.79838,2019-12-31.2960394,bi,1.46,18.134,13.824,0.004,10.725,0.040,g
2458849.63414,2020-01-01.1317710,bi,1.43,17.600,13.781,0.006,11.159,0.066,g
2458849.80571,2020-01-01.3033280,bE,1.51,18.616,13.801,0.003,10.956,0.026,g
2458850.54831,2020-01-02.0459015,bm,1.53,17.902,13.819,0.005,10.771,0.050,g
2458850.64674,2020-01-02.1443237,bi,1.44,17.797,13.803,0.005,10.937,0.055,g
2458850.83317,2020-01-02.3307513,bE,1.49,18.451,13.793,0.003,11.039,0.030,g
2458851.69930,2020-01-03.1968563,bi,1.46,17.963,13.806,0.005,10.900,0.047,g
2458852.42293,2020-01-03.9204512,bm,1.48,17.618,13.806,0.006,10.905,0.065,g
2458852.65416,2020-01-04.1516660,bi,1.49,17.709,13.796,0.006,11.007,0.060,g
2458852.84135,2020-01-04.3388652,bE,1.48,18.279,13.788,0.003,11.086,0.035,g
2458853.65047,2020-01-05.1479413,bi,1.48,17.613,13.790,0.006,11.067,0.065,g
2458853.82569,2020-01-05.3231619,bE,1.51,18.258,13.777,0.004,11.199,0.036,g
2458854.65794,2020-01-06.1553775,bi,1.43,17.037,13.795,0.011,11.021,0.111,g
2458855.62402,2020-01-07.1214290,bE,1.48,17.077,13.808,0.011,10.889,0.107,g
2458855.79566,2020-01-07.2930642,bi,1.38,17.849,13.816,0.005,10.810,0.053,g
2458856.62775,2020-01-08.1251241,bE,1.61,17.222,13.805,0.009,10.910,0.094,g
2458857.57724,2020-01-09.0745826,bE,1.54,17.158,13.782,0.010,11.149,0.099,g
2458857.81744,2020-01-09.3147767,bi,1.36,17.330,13.812,0.009,10.850,0.085,g
2458858.73851,2020-01-10.2358160,bE,1.46,17.338,13.795,0.008,11.019,0.084,g
2458860.67975,2020-01-12.1769902,bE,1.40,16.837,13.785,0.013,11.117,0.134,g
2458860.72276,2020-01-12.2200005,bi,1.45,17.139,13.807,0.010,10.896,0.101,g
2458861.76306,2020-01-13.2602671,bE,1.45,17.263,13.766,0.009,11.313,0.090,g
2458861.84052,2020-01-13.3377303,bi,1.49,16.905,13.839,0.013,10.581,0.126,g
2458862.83197,2020-01-14.3291520,bi,1.41,17.484,13.798,0.007,10.982,0.074,g
2458863.61588,2020-01-15.1130340,bi,1.43,17.871,13.783,0.005,11.136,0.052,g
2458863.80883,2020-01-15.3059782,bE,1.52,17.531,13.747,0.007,11.517,0.071,g
2458864.65256,2020-01-16.1496841,bi,1.43,18.071,13.810,0.004,10.868,0.043,g
2458864.84604,2020-01-16.3431556,bE,1.50,17.614,13.757,0.006,11.405,0.065,g
2458866.65266,2020-01-18.1497346,bi,1.42,18.029,13.789,0.004,11.079,0.045,g
2458868.83139,2020-01-20.3284107,bi,1.42,17.783,13.798,0.006,10.984,0.056,g
2458869.82514,2020-01-21.3221496,bi,1.46,17.641,13.764,0.006,11.332,0.064,g
2458870.82331,2020-01-22.3202877,bE,1.43,18.075,13.765,0.004,11.320,0.043,g
2458871.82127,2020-01-23.3182277,bi,1.41,18.109,13.818,0.004,10.781,0.041,g
2458872.82552,2020-01-24.3224552,bE,1.46,18.173,13.809,0.004,10.872,0.039,g
2458875.83303,2020-01-27.3299079,bE,1.47,18.310,13.789,0.003,11.075,0.034,g
2458878.83542,2020-01-30.3322590,bE,1.51,17.887,13.792,0.005,11.046,0.051,g
2458880.83097,2020-02-01.3277809,bi,1.62,17.721,13.810,0.006,10.863,0.059,g
2458881.53610,2020-02-02.0329052,bi,1.42,17.918,13.803,0.005,10.934,0.049,g
2458882.56431,2020-02-03.0610952,bi,1.42,17.731,13.805,0.006,10.912,0.059,g
2458883.62366,2020-02-04.1204384,bi,1.43,17.828,13.786,0.005,11.103,0.054,g
2458884.65554,2020-02-05.1523130,bi,1.45,17.901,13.804,0.005,10.923,0.050,g
2458886.82390,2020-02-07.3206630,bi,1.46,17.103,13.786,0.010,11.111,0.105,g
2458889.59389,2020-02-10.0906312,bi,1.42,17.189,13.759,0.009,11.385,0.097,g
2458890.79752,2020-02-11.2942605,bE,1.45,17.241,13.788,0.009,11.084,0.092,g
2458891.56252,2020-02-12.0592695,bi,1.45,17.895,13.807,0.005,10.891,0.050,g
2458891.80074,2020-02-12.2974837,bE,1.52,17.484,13.787,0.007,11.101,0.074,g
2458893.60562,2020-02-14.1023644,bE,1.56,18.464,13.798,0.003,10.982,0.030,g
2458893.80420,2020-02-14.3009438,bi,1.48,17.506,13.819,0.007,10.777,0.072,g
2458894.65641,2020-02-15.1531506,bE,1.49,18.221,13.821,0.004,10.758,0.037,g
2458897.64124,2020-02-18.1379925,bi,1.46,18.082,13.829,0.004,10.679,0.042,g
2458897.82358,2020-02-18.3203420,bE,1.44,18.146,13.836,0.004,10.607,0.040,g
2458898.52773,2020-02-19.0244916,bi,1.52,18.155,13.843,0.004,10.544,0.040,g
2458899.63643,2020-02-20.1332017,bE,1.50,18.070,13.872,0.005,10.261,0.043,g
2458900.65029,2020-02-21.1470653,bE,1.54,18.296,13.835,0.004,10.614,0.035,g
2458901.72895,2020-02-22.2257396,bE,1.49,18.102,13.851,0.004,10.465,0.042,g
2458902.81347,2020-02-23.3102690,bi,1.38,18.073,13.838,0.004,10.585,0.043,g
2458903.81862,2020-02-24.3154215,bE,1.47,17.583,13.881,0.007,10.174,0.067,g
2458904.64901,2020-02-25.1458206,bE,1.52,18.710,13.812,0.002,10.849,0.024,g
2458905.63219,2020-02-26.1290129,bi,1.48,18.238,13.831,0.004,10.658,0.037,g
2458906.65347,2020-02-27.1503136,bE,1.43,18.278,13.802,0.004,10.940,0.035,g
2458909.27788,2020-02-29.7747533,bm,2.05,17.769,13.812,0.006,10.840,0.057,g
2458911.42218,2020-03-02.9190931,bm,1.54,17.883,13.828,0.005,10.685,0.051,g
2458914.43852,2020-03-05.9354959,bm,1.61,16.960,13.838,0.012,10.592,0.119,g
2458915.60711,2020-03-07.1041133,bi,1.52,17.457,13.811,0.008,10.858,0.076,g
2458916.75685,2020-03-08.2538802,bi,1.43,16.867,13.828,0.013,10.687,0.130,g
2458918.66939,2020-03-10.1664681,bi,1.41,16.433,13.812,0.019,10.843,0.194,g
2458919.71455,2020-03-11.2116598,bE,1.56,17.479,13.801,0.007,10.958,0.074,g
2458926.47259,2020-03-17.9698870,bm,1.51,17.802,13.806,0.005,10.901,0.055,g
2458929.24047,2020-03-20.7378562,bm,1.58,17.620,13.817,0.007,10.791,0.065,g
2458931.39101,2020-03-22.8884711,bm,1.59,17.850,13.823,0.005,10.740,0.053,g
2458978.35314,2020-05-08.8528791,bm,1.57,16.852,13.789,0.013,11.074,0.132,g
2458980.34903,2020-05-10.8488855,bm,1.56,17.031,13.824,0.011,10.722,0.112,g
2458992.24791,2020-05-22.7484326,bm,1.52,17.815,13.813,0.005,10.833,0.054,g
2459002.29433,2020-06-01.7954031,bm,1.57,17.171,13.821,0.010,10.760,0.098,g
2459008.23947,2020-06-07.7408488,bm,1.54,17.257,13.797,0.009,10.993,0.091,g
2459016.23741,2020-06-15.7391851,bm,1.55,17.988,13.855,0.005,10.426,0.046,g
2459017.22863,2020-06-16.7304474,bm,1.57,18.041,13.850,0.005,10.473,0.044,g
2459023.22161,2020-06-22.7236957,bm,1.58,17.956,13.846,0.005,10.509,0.048,g
2459032.19719,2020-07-01.6996502,bm,2.02,17.112,13.814,0.010,10.828,0.104,g
2459112.62634,2020-09-20.1290833,bm,1.62,17.387,13.779,0.008,11.183,0.081,g
2459128.58282,2020-10-06.0849436,bm,1.50,17.207,13.823,0.010,10.732,0.095,g
2459134.55204,2020-10-12.0538784,bm,1.51,17.606,14.042,0.008,8.772,0.066,g
2459137.56473,2020-10-15.0664260,bm,1.58,17.474,14.138,0.010,8.033,0.074,g
2459140.54869,2020-10-18.0502363,bm,1.52,17.651,14.072,0.008,8.536,0.063,g
2459143.56052,2020-10-21.0619097,bm,1.49,17.705,14.035,0.007,8.833,0.060,g
2459146.77862,2020-10-24.2798494,bE,1.46,18.186,13.858,0.004,10.395,0.039,g
2459147.75498,2020-10-25.2561549,bi,1.45,17.492,13.979,0.009,9.298,0.073,g
2459147.83267,2020-10-25.3338396,bE,1.42,17.702,13.987,0.007,9.235,0.060,g
2459149.76508,2020-10-27.2661428,bE,1.49,17.544,13.892,0.008,10.073,0.070,g
2459151.78841,2020-10-29.2893547,bi,1.52,17.244,13.950,0.010,9.549,0.092,g
2459152.79059,2020-10-30.2914839,bE,1.44,17.256,13.963,0.010,9.439,0.091,g
2459153.77953,2020-10-31.2803696,bE,1.49,17.095,13.957,0.012,9.487,0.105,g
2459155.58384,2020-11-02.0845775,bm,1.55,17.227,14.008,0.011,9.057,0.093,g
2459155.78654,2020-11-02.2872702,bi,1.39,17.265,14.005,0.011,9.080,0.090,g
2459158.83349,2020-11-05.3340496,bi,1.46,17.441,13.979,0.009,9.297,0.077,g
2459159.84601,2020-11-06.3465199,bE,1.48,17.585,13.952,0.008,9.533,0.067,g
2459165.47108,2020-11-11.9712590,bm,1.58,17.929,13.986,0.006,9.242,0.049,g
2459165.74640,2020-11-12.2465745,bE,1.45,17.790,13.954,0.006,9.516,0.056,g
2459167.80974,2020-11-14.3097795,bi,1.43,17.677,13.991,0.007,9.194,0.062,g
2459170.76695,2020-11-17.2668265,bE,1.38,17.740,13.961,0.007,9.455,0.058,g
2459172.70169,2020-11-19.2014596,bE,1.45,17.971,13.910,0.005,9.913,0.047,g
2459173.71486,2020-11-20.2145699,bE,1.50,17.908,13.922,0.006,9.802,0.050,g
2459174.74177,2020-11-21.2414184,bE,1.43,17.882,13.934,0.006,9.697,0.051,g
2459175.78538,2020-11-22.2849648,bi,1.57,17.755,13.951,0.007,9.545,0.057,g
2459177.67519,2020-11-24.1746732,bE,1.47,17.872,13.902,0.006,9.981,0.052,g
2459178.77091,2020-11-25.2703311,bE,1.44,18.056,13.885,0.005,10.143,0.044,g
2459179.75616,2020-11-26.2555187,bi,1.54,17.942,13.892,0.005,10.076,0.048,g
2459180.76555,2020-11-27.2648583,bE,1.51,17.684,13.912,0.007,9.894,0.061,g
2459180.77952,2020-11-27.2788174,bi,1.51,17.419,13.919,0.009,9.826,0.078,g
2459181.67461,2020-11-28.1738765,bE,1.50,17.499,13.885,0.008,10.138,0.073,g
2459184.65846,2020-12-01.1575612,bE,1.47,16.894,14.035,0.016,8.831,0.127,g
2459185.67961,2020-12-02.1786471,bE,1.48,17.288,13.870,0.009,10.279,0.088,g
2459186.65937,2020-12-03.1583480,bi,1.54,17.674,13.903,0.007,9.973,0.062,g
2459187.65369,2020-12-04.1526153,bi,1.46,17.388,13.887,0.009,10.123,0.080,g
2459188.65003,2020-12-05.1489039,bi,1.45,17.746,13.881,0.006,10.174,0.058,g
2459189.66122,2020-12-06.1600381,bE,1.53,18.019,13.897,0.005,10.029,0.045,g
2459191.83510,2020-12-08.3337987,bE,1.48,17.907,13.876,0.005,10.223,0.050,g
2459192.70057,2020-12-09.1992258,bE,1.49,18.055,13.895,0.005,10.043,0.044,g
2459193.63796,2020-12-10.1365689,bi,1.38,17.934,13.879,0.005,10.200,0.049,g
2459194.67847,2020-12-11.1770209,bE,1.42,18.125,13.852,0.004,10.452,0.041,g
2459195.82898,2020-12-12.3274754,bi,1.50,18.045,13.835,0.005,10.613,0.044,g
2459199.54287,2020-12-16.0411865,bm,1.52,18.160,13.850,0.004,10.474,0.040,g
2459201.48285,2020-12-17.9810620,bm,1.55,18.527,13.880,0.003,10.183,0.028,g
2459202.68860,2020-12-19.1867640,bE,1.50,18.338,13.852,0.003,10.456,0.034,g
2459203.79869,2020-12-20.2967945,bi,1.48,18.320,13.872,0.004,10.263,0.034,g
2459205.73477,2020-12-22.2327866,bi,1.42,18.012,13.889,0.005,10.105,0.045,g
2459206.68792,2020-12-23.1858912,bi,1.41,17.744,13.914,0.006,9.870,0.058,g
2459207.67229,2020-12-24.1702238,bE,1.48,17.895,13.900,0.005,10.004,0.050,g
2459209.61335,2020-12-26.1112004,bE,1.45,17.435,13.876,0.008,10.225,0.077,g
2459209.62620,2020-12-26.1240403,bi,1.46,17.415,13.879,0.008,10.192,0.079,g
2459210.68427,2020-12-27.1820666,bi,1.35,17.433,13.841,0.008,10.562,0.077,g
2459212.58890,2020-12-29.0866182,bi,1.46,16.825,13.828,0.014,10.686,0.135,g
2459213.74902,2020-12-30.2466871,bi,1.48,16.778,13.891,0.015,10.086,0.141,g
2459214.73214,2020-12-31.2297687,bi,1.46,17.479,13.871,0.008,10.270,0.074,g
2459215.76460,2021-01-01.2621877,bi,1.49,17.344,13.850,0.009,10.474,0.084,g
2459216.75625,2021-01-02.2538047,bE,1.47,17.536,13.890,0.008,10.092,0.070,g
2459216.79872,2021-01-02.2962673,bi,1.48,16.596,13.836,0.017,10.609,0.167,g
2459217.65754,2021-01-03.1550634,bi,1.45,18.051,13.884,0.005,10.145,0.044,g
2459217.70842,2021-01-03.2059478,bE,1.46,17.749,13.881,0.006,10.174,0.058,g
2459221.83368,2021-01-07.3310504,bE,1.39,17.803,13.912,0.006,9.892,0.055,g
2459223.40059,2021-01-08.8979136,bm,1.49,18.250,13.905,0.004,9.951,0.036,g
2459227.72387,2021-01-13.2210528,bE,1.51,18.247,13.847,0.004,10.497,0.037,g
2459228.46060,2021-01-13.9577718,bm,1.54,18.161,13.866,0.004,10.316,0.040,g
2459229.36889,2021-01-14.8660269,bm,1.51,18.402,13.912,0.003,9.887,0.032,g
2459229.62836,2021-01-15.1254954,bi,1.48,17.945,13.885,0.005,10.137,0.048,g
2459230.37205,2021-01-15.8691653,bm,1.48,17.875,13.889,0.006,10.102,0.051,g
2459230.54144,2021-01-16.0385450,bE,1.49,17.828,13.900,0.006,10.001,0.054,g
2459231.29837,2021-01-16.7954523,bm,1.67,17.995,13.886,0.005,10.129,0.046,g
2459231.58344,2021-01-17.0805182,bE,1.46,17.790,13.909,0.006,9.918,0.056,g
2459232.87025,2021-01-18.3673027,bE,1.47,17.664,13.895,0.007,10.048,0.062,g
2459233.39118,2021-01-18.8882275,bm,1.51,18.001,13.917,0.005,9.846,0.046,g
2459233.83040,2021-01-19.3274298,bi,1.59,17.973,13.913,0.005,9.883,0.047,g
2459234.33162,2021-01-19.8286336,bm,1.54,18.186,13.926,0.004,9.761,0.039,g
2459234.62077,2021-01-20.1177835,bi,1.43,17.560,13.924,0.008,9.782,0.069,g
2459235.31594,2021-01-20.8129327,bm,1.56,17.829,13.908,0.006,9.924,0.054,g
2459235.62891,2021-01-21.1258998,bi,1.45,17.816,13.907,0.006,9.937,0.054,g
2459236.52209,2021-01-22.0190600,bm,2.01,18.275,13.873,0.004,10.256,0.036,g
2459238.61827,2021-01-24.1151900,bm,1.57,17.288,13.884,0.009,10.152,0.088,g
2459239.63759,2021-01-25.1345039,bE,1.47,17.576,13.863,0.007,10.345,0.068,g
2459240.57175,2021-01-26.0686478,bi,1.38,17.793,13.928,0.006,9.749,0.055,g
2459241.34765,2021-01-26.8445287,bm,1.55,17.098,13.967,0.012,9.405,0.105,g
2459241.71921,2021-01-27.2160820,bi,1.51,17.073,13.908,0.012,9.925,0.108,g
2459242.44057,2021-01-27.9374274,bm,2.08,17.465,13.956,0.009,9.501,0.075,g
2459243.38028,2021-01-28.8771331,bm,1.48,16.985,13.940,0.013,9.642,0.117,g
2459244.38341,2021-01-29.8802377,bm,1.48,17.159,13.941,0.011,9.633,0.099,g
2459245.31927,2021-01-30.8160930,bm,2.07,17.585,13.944,0.008,9.601,0.067,g
2459245.76105,2021-01-31.2578611,bi,1.47,17.426,13.957,0.009,9.485,0.078,g
2459246.86232,2021-02-01.3591182,bi,1.48,17.001,13.932,0.013,9.707,0.115,g
2459247.79277,2021-02-02.2895585,bi,1.46,17.575,13.903,0.007,9.973,0.068,g
2459248.30593,2021-02-02.8027145,bm,1.71,18.079,13.931,0.005,9.722,0.043,g
2459248.63149,2021-02-03.1282763,bi,1.50,17.996,13.909,0.005,9.914,0.046,g
2459249.35684,2021-02-03.8536175,bm,1.56,18.044,13.943,0.005,9.611,0.044,g
2459249.61740,2021-02-04.1141773,bE,1.44,17.833,13.926,0.006,9.766,0.053,g
2459249.66498,2021-02-04.1617593,bi,1.43,17.955,13.936,0.005,9.671,0.048,g
2459250.28952,2021-02-04.7862940,bm,1.64,17.968,13.945,0.005,9.592,0.047,g
2459250.56712,2021-02-05.0638879,bi,1.53,17.906,13.923,0.006,9.787,0.050,g
2459250.69017,2021-02-05.1869373,bE,1.53,17.881,13.897,0.006,10.031,0.051,g
2459251.33792,2021-02-05.8346799,bm,1.50,18.141,13.933,0.005,9.702,0.040,g
2459251.59296,2021-02-06.0897231,bi,1.50,17.937,13.924,0.005,9.778,0.049,g
2459251.77274,2021-02-06.2695021,bE,1.49,17.916,13.901,0.005,9.995,0.050,g
2459252.48962,2021-02-06.9863782,bm,1.52,18.256,13.909,0.004,9.920,0.036,g
2459252.67888,2021-02-07.1756373,bE,1.46,17.878,13.924,0.006,9.778,0.051,g
2459253.83074,2021-02-08.3274869,bi,1.49,17.611,14.027,0.008,8.900,0.066,g
2459254.31341,2021-02-08.8101635,bm,1.52,17.977,13.995,0.006,9.165,0.047,g
2459254.78179,2021-02-09.2785381,bE,1.50,17.790,13.944,0.006,9.599,0.056,g
2459255.31302,2021-02-09.8097707,bm,1.56,18.425,13.902,0.003,9.986,0.031,g
2459255.58214,2021-02-10.0788877,bi,1.48,17.765,13.940,0.006,9.640,0.057,g
2459256.29702,2021-02-10.7937649,bm,1.52,18.314,13.927,0.004,9.755,0.034,g
2459256.58722,2021-02-11.0839694,bE,1.49,17.743,13.892,0.006,10.075,0.058,g
2459257.53834,2021-02-12.0350873,bE,1.51,17.945,13.899,0.005,10.007,0.048,g
2459258.69809,2021-02-13.1948278,bi,1.41,17.788,13.938,0.006,9.656,0.056,g
2459259.50500,2021-02-14.0017357,bm,1.48,17.983,13.974,0.005,9.345,0.047,g
2459259.84144,2021-02-14.3381799,bE,1.49,17.669,13.949,0.007,9.559,0.062,g
2459260.75565,2021-02-15.2523923,bE,1.54,17.812,13.928,0.006,9.749,0.054,g
2459261.36099,2021-02-15.8577380,bm,2.18,17.966,13.946,0.005,9.588,0.047,g
2459261.78459,2021-02-16.2813342,bi,1.46,17.730,13.969,0.007,9.385,0.059,g
2459262.53925,2021-02-17.0360003,bE,1.62,17.796,13.964,0.006,9.428,0.055,g
2459263.35629,2021-02-17.8530444,bm,1.60,17.506,14.039,0.009,8.796,0.072,g
2459263.56590,2021-02-18.0626578,bi,1.40,17.545,14.041,0.009,8.783,0.070,g
2459264.31911,2021-02-18.8158770,bm,1.52,17.854,14.002,0.006,9.104,0.052,g
2459265.40630,2021-02-19.9030738,bm,1.58,18.141,13.947,0.005,9.575,0.040,g
2459265.76808,2021-02-20.2648581,bE,1.56,17.947,13.917,0.005,9.846,0.048,g
2459265.79123,2021-02-20.2880101,bi,1.44,17.793,13.928,0.006,9.747,0.055,g
2459266.43096,2021-02-20.9277421,bm,2.12,18.063,13.958,0.005,9.479,0.043,g
2459266.76421,2021-02-21.2610021,bi,1.50,17.681,13.978,0.007,9.310,0.061,g
2459266.79407,2021-02-21.2908516,bE,1.47,17.733,13.973,0.007,9.352,0.059,g
2459267.78341,2021-02-22.2802009,bi,1.36,17.632,13.995,0.008,9.167,0.064,g
2459268.38260,2021-02-22.8794013,bm,1.51,17.732,14.020,0.007,8.953,0.059,g
2459270.49177,2021-02-24.9885937,bm,1.58,16.910,14.010,0.015,9.035,0.125,g
2459272.27901,2021-02-26.7758561,bm,1.58,17.056,14.068,0.014,8.564,0.109,g
2459272.53940,2021-02-27.0362454,bE,1.52,17.121,14.051,0.013,8.705,0.103,g
2459273.45508,2021-02-27.9519440,bm,1.57,16.866,13.900,0.014,10.003,0.130,g
2459273.51908,2021-02-28.0159532,bE,1.49,17.364,13.941,0.009,9.629,0.082,g
2459274.75254,2021-03-01.2494295,bi,1.41,16.884,13.963,0.015,9.437,0.128,g
2459275.76807,2021-03-02.2649675,bi,1.43,17.029,14.018,0.014,8.967,0.112,g
2459276.52162,2021-03-03.0185386,bi,2.18,17.845,13.943,0.006,9.609,0.053,g
2459277.28676,2021-03-03.7836920,bm,1.53,17.938,13.996,0.006,9.156,0.049,g
2459277.52446,2021-03-04.0213986,bi,1.65,17.621,14.020,0.008,8.951,0.065,g
2459277.65464,2021-03-04.151575,bE,1.50,17.581,14.001,0.008,9.109,0.067,g
2459278.37227,2021-03-04.8692214,bm,1.60,17.755,14.023,0.007,8.932,0.057,g
2459278.59875,2021-03-05.0957048,bi,1.41,17.700,13.981,0.007,9.284,0.060,g
2459279.25136,2021-03-05.7483284,bm,2.05,17.857,13.974,0.006,9.340,0.052,g
2459279.60952,2021-03-06.1064932,bi,1.47,17.737,13.966,0.007,9.414,0.058,g
2459279.77924,2021-03-06.2762166,bE,1.46,17.640,13.926,0.007,9.768,0.064,g
2459280.29876,2021-03-06.79575,bm,1.51,17.795,13.996,0.007,9.157,0.055,g
2459280.54454,2021-03-07.0415364,bE,1.52,17.748,13.980,0.007,9.290,0.058,g
2459280.63845,2021-03-07.1354487,bi,1.43,17.769,13.989,0.007,9.216,0.057,g
2459282.66774,2021-03-09.1647782,bE,1.45,17.722,13.991,0.007,9.192,0.059,g
2459283.71405,2021-03-10.2111278,bi,1.36,17.882,13.910,0.006,9.909,0.051,g
2459283.75613,2021-03-10.2532049,bE,1.51,17.761,13.905,0.006,9.957,0.057,g
2459284.61669,2021-03-11.1137969,bi,1.43,17.903,13.916,0.006,9.856,0.050,g
2459286.48767,2021-03-12.9848162,bm,1.53,17.682,14.041,0.008,8.782,0.061,g
2459287.74895,2021-03-14.2461304,bi,1.40,17.655,14.010,0.008,9.037,0.063,g
2459289.73245,2021-03-16.2296855,bE,1.63,17.771,13.957,0.006,9.486,0.057,g
2459291.66826,2021-03-18.1655597,bi,1.42,17.817,13.903,0.006,9.974,0.054,g
2459293.55161,2021-03-20.0489693,bE,1.52,17.989,13.870,0.005,10.285,0.046,g
2459293.72747,2021-03-20.2248363,bi,1.45,17.618,13.882,0.007,10.172,0.065,g
2459294.69356,2021-03-21.1909597,bE,1.62,17.887,13.906,0.006,9.945,0.051,g
2459294.72399,2021-03-21.2213951,bi,1.51,17.761,13.926,0.006,9.768,0.057,g
2459296.55656,2021-03-23.0540248,bi,1.45,17.844,13.898,0.006,10.022,0.053,g
2459296.59192,2021-03-23.0893819,bE,1.56,17.825,13.867,0.006,10.306,0.054,g
2459298.51336,2021-03-25.0108993,bi,1.47,17.554,13.934,0.008,9.693,0.069,g
2459299.53567,2021-03-26.0332401,bi,1.37,17.343,13.970,0.010,9.380,0.084,g
2459300.59046,2021-03-27.0880755,bi,1.52,17.307,13.926,0.010,9.764,0.087,g
2459301.59384,2021-03-28.0914903,bi,1.46,17.079,13.870,0.011,10.284,0.107,g
2459303.53634,2021-03-30.0340673,bE,1.53,17.364,14.005,0.010,9.081,0.082,g
2459305.43752,2021-03-31.9353258,bm,2.05,17.295,13.862,0.009,10.353,0.088,g
2459306.70307,2021-04-02.2009277,bi,1.48,17.320,13.988,0.010,9.226,0.086,g
2459310.53214,2021-04-06.0301663,bE,1.45,17.907,13.942,0.006,9.623,0.050,g
2459311.68690,2021-04-07.1849751,bi,1.50,17.901,13.921,0.006,9.811,0.050,g
2459312.63652,2021-04-08.1346437,bE,1.43,17.874,13.918,0.006,9.839,0.051,g
2459313.59568,2021-04-09.0938425,bi,1.49,17.792,13.937,0.006,9.662,0.056,g
2459313.62563,2021-04-09.1237968,bE,1.52,17.827,13.945,0.006,9.593,0.054,g
2459314.63474,2021-04-10.1329543,bE,1.48,17.671,13.933,0.007,9.699,0.062,g
2459315.62880,2021-04-11.1270594,bE,1.54,17.859,13.931,0.006,9.719,0.052,g
2459317.56135,2021-04-13.0597074,bE,1.49,17.947,13.903,0.005,9.970,0.048,g
2459317.56371,2021-04-13.0620689,bi,1.42,17.901,13.906,0.005,9.941,0.050,g
2459318.64252,2021-04-14.1409290,bi,1.51,17.665,13.971,0.007,9.372,0.062,g
2459319.62830,2021-04-15.1267508,bi,1.62,17.597,14.001,0.008,9.112,0.066,g
2459320.55186,2021-04-16.0503641,bi,1.43,17.678,14.052,0.008,8.691,0.062,g
2459321.57452,2021-04-17.0730781,bE,1.49,17.603,14.040,0.008,8.794,0.066,g
2459322.64677,2021-04-18.1453789,bi,1.45,17.501,14.060,0.009,8.634,0.073,g
2459324.58609,2021-04-20.0847922,bi,1.52,17.652,13.903,0.007,9.972,0.063,g
2459324.60584,2021-04-20.1045506,bE,1.49,17.792,13.873,0.006,10.252,0.055,g
2459326.54749,2021-04-22.0463057,bi,1.51,17.633,13.940,0.007,9.643,0.064,g
2459328.59808,2021-04-24.0970019,bi,1.47,17.092,13.969,0.012,9.382,0.106,g
2459333.61842,2021-04-29.1176114,bi,1.51,17.115,13.950,0.012,9.548,0.104,g
2459338.60469,2021-05-04.1041557,bE,1.52,17.686,13.988,0.007,9.220,0.061,g
2459342.51427,2021-05-08.0139443,bi,1.41,17.753,13.974,0.007,9.346,0.058,g
2459343.59318,2021-05-09.0929260,bi,1.49,17.753,13.923,0.006,9.793,0.058,g
2459345.59618,2021-05-11.0960380,bi,1.48,17.722,13.973,0.007,9.354,0.059,g
2459346.56855,2021-05-12.0684597,bi,1.48,17.785,13.948,0.006,9.566,0.056,g
2459348.55287,2021-05-14.0528907,bE,1.49,17.715,13.949,0.007,9.562,0.060,g
2459351.54460,2021-05-17.0447898,bE,1.51,17.670,13.952,0.007,9.537,0.062,g
2459356.55329,2021-05-22.0537625,bE,1.50,17.307,14.112,0.011,8.226,0.087,g
2459359.53791,2021-05-25.0385387,bi,1.49,16.770,14.060,0.018,8.634,0.142,g
2459361.54962,2021-05-27.0503726,bE,1.52,16.728,14.058,0.019,8.647,0.148,g
2459363.52793,2021-05-29.0287790,bE,1.48,17.402,14.113,0.011,8.218,0.079,g
2459363.54158,2021-05-29.0424376,bi,1.41,17.046,14.160,0.015,7.873,0.110,g
2459366.53310,2021-06-01.0341113,bE,1.49,17.640,14.003,0.008,9.092,0.064,g
2459367.52817,2021-06-02.0292409,bi,1.44,17.513,13.968,0.008,9.393,0.072,g
2459368.51812,2021-06-03.0192445,bE,2.10,17.709,13.972,0.007,9.363,0.060,g
2459371.27002,2021-06-05.7712813,bm,1.68,17.504,14.132,0.010,8.073,0.072,g
2459373.49478,2021-06-07.9961622,bE,1.56,17.405,14.156,0.011,7.903,0.079,g
2459374.49756,2021-06-08.9989890,bi,1.43,17.322,14.151,0.012,7.937,0.086,g
2459375.49394,2021-06-09.9954228,bi,1.49,17.350,14.170,0.012,7.797,0.083,g
2459376.50591,2021-06-11.0074483,bE,1.56,17.289,14.295,0.014,6.950,0.088,g
2459377.48462,2021-06-11.9861966,bi,1.49,17.306,14.242,0.013,7.297,0.087,g
2459378.46393,2021-06-12.9655625,bi,1.47,17.195,14.344,0.016,6.641,0.096,g
2459378.49418,2021-06-12.9958071,bE,1.50,17.288,14.338,0.014,6.681,0.088,g
2459380.48636,2021-06-14.9880931,bE,1.51,17.288,14.323,0.014,6.773,0.088,g
2459383.47660,2021-06-17.9784651,bE,2.21,17.326,14.100,0.011,8.321,0.085,g
2459387.46418,2021-06-21.9662337,bi,1.43,16.845,14.168,0.018,7.816,0.133,g
2459388.46089,2021-06-22.9629817,bi,1.59,16.803,14.259,0.021,7.184,0.138,g
2459392.46690,2021-06-26.9691620,bi,1.54,17.261,14.227,0.013,7.403,0.090,g
2459394.45399,2021-06-28.9563464,bi,1.57,17.032,14.369,0.019,6.492,0.112,g
2459452.91532,2021-08-26.4186065,bi,1.43,16.669,15.173,0.055,3.097,0.156,g
2459453.91722,2021-08-27.4205021,bE,1.54,16.753,15.554,0.072,2.180,0.144,g
2459457.90213,2021-08-31.40535,bi,1.41,16.784,15.547,0.070,2.194,0.140,g
2459473.62558,2021-09-16.1284453,bm,1.56,17.092,14.551,0.021,5.489,0.106,g
2459474.89709,2021-09-17.3999217,bi,1.47,16.870,15.034,0.040,3.520,0.130,g
2459478.85982,2021-09-21.3625273,bi,1.52,16.653,14.479,0.029,5.865,0.158,g
2459480.86545,2021-09-23.3680847,bE,1.56,16.935,14.661,0.027,4.963,0.122,g
2459482.61033,2021-09-25.1129033,bm,2.11,16.896,14.524,0.024,5.629,0.127,g
2459489.82192,2021-10-02.3242092,bi,1.43,16.885,15.205,0.046,3.007,0.128,g
2459491.85932,2021-10-04.3615225,bi,1.48,16.901,15.148,0.043,3.168,0.126,g
2459492.81697,2021-10-05.3191368,bi,1.47,16.981,14.802,0.029,4.356,0.117,g
2459493.57526,2021-10-06.0773968,bm,1.56,16.898,15.086,0.041,3.355,0.126,g
2459494.57195,2021-10-07.0740387,bm,1.58,16.879,15.234,0.048,2.927,0.129,g
2459494.88758,2021-10-07.3896521,bi,1.46,16.499,15.357,0.076,2.614,0.183,g
2459495.56891,2021-10-08.0709587,bm,1.50,16.842,15.545,0.066,2.197,0.133,g
2459496.80863,2021-10-09.3106162,bE,1.49,16.998,15.061,0.037,3.433,0.115,g
2459497.56248,2021-10-10.0644334,bm,1.55,16.845,15.424,0.059,2.456,0.133,g
2459499.54997,2021-10-12.0518284,bm,2.35,16.862,15.264,0.050,2.847,0.131,g
2459500.80983,2021-10-13.3116230,bE,1.59,16.923,15.462,0.057,2.374,0.124,g
2459501.80454,2021-10-14.3062880,bE,1.49,16.950,15.200,0.043,3.019,0.121,g
2459502.54660,2021-10-15.0483052,bm,1.52,16.682,15.196,0.055,3.032,0.154,g
2459502.80352,2021-10-15.3052244,bE,1.51,16.950,15.134,0.041,3.209,0.121,g
2459503.80345,2021-10-16.3050998,bE,1.55,16.908,15.181,0.044,3.074,0.125,g
2459504.78620,2021-10-17.2877991,bE,1.50,16.871,14.880,0.035,4.056,0.130,g
2459505.79342,2021-10-18.2949685,bE,1.47,16.898,14.672,0.028,4.912,0.126,g
2459506.79537,2021-10-19.2968605,bE,1.55,16.707,15.168,0.053,3.110,0.151,g
2459507.78322,2021-10-20.2846690,bE,1.51,16.588,15.942,0.120,1.525,0.168,g
2459508.77623,2021-10-21.2776280,bE,1.52,16.654,15.214,0.058,2.981,0.158,g
2459509.77813,2021-10-22.2794798,bE,1.50,16.809,15.240,0.051,2.912,0.137,g
2459510.76500,2021-10-23.2662944,bE,1.57,16.794,15.328,0.056,2.685,0.139,g
2459511.76391,2021-10-24.2651486,bE,1.49,16.712,15.865,0.100,1.637,0.150,g
2459513.77610,2021-10-26.2772377,bE,1.52,16.957,14.894,0.033,4.002,0.120,g
2459518.77929,2021-10-31.2801462,bE,1.46,17.195,14.457,0.017,5.986,0.096,g
2459519.78377,2021-11-01.2845765,bE,1.51,17.129,14.637,0.022,5.070,0.102,g
2459521.83196,2021-11-03.3326521,bE,1.50,16.927,15.400,0.053,2.512,0.123,g
2459522.80562,2021-11-04.3062563,bE,1.51,16.967,15.226,0.044,2.949,0.119,g
2459523.79918,2021-11-05.2997603,bi,1.45,16.929,14.989,0.036,3.667,0.123,g
2459525.47837,2021-11-06.9788508,bm,1.50,17.087,14.588,0.022,5.305,0.106,g
2459527.73998,2021-11-09.2403309,bE,1.48,17.030,14.851,0.029,4.166,0.112,g
2459528.72767,2021-11-10.2279719,bE,1.47,17.042,14.925,0.031,3.890,0.111,g
2459528.79166,2021-11-10.2919496,bi,1.40,16.946,14.967,0.035,3.744,0.121,g
2459529.71961,2021-11-11.2198439,bE,1.46,16.955,15.032,0.037,3.526,0.120,g
2459530.73148,2021-11-12.2316539,bE,1.44,16.948,14.954,0.035,3.788,0.121,g
2459531.72366,2021-11-13.2237869,bE,1.44,17.044,14.617,0.023,5.165,0.111,g
2459532.74443,2021-11-14.2445041,bi,1.45,16.773,15.028,0.044,3.540,0.142,g
2459534.71938,2021-11-16.2193256,bE,1.54,16.862,14.744,0.031,4.597,0.131,g
2459535.71391,2021-11-17.2138054,bi,1.48,16.753,14.653,0.031,5.000,0.144,g
2459535.86301,2021-11-17.3628971,bE,1.42,16.601,14.693,0.038,4.816,0.166,g
2459537.70327,2021-11-19.2030531,bE,1.49,16.719,14.948,0.043,3.809,0.149,g
2459538.69367,2021-11-20.1934013,bi,1.47,16.607,15.791,0.102,1.753,0.165,g
2459539.69641,2021-11-21.1960777,bE,1.53,16.744,15.631,0.078,2.031,0.146,g
2459539.74371,2021-11-21.2433805,bi,1.40,16.564,15.898,0.118,1.587,0.172,g
2459540.77490,2021-11-22.2745067,bi,1.40,16.666,15.657,0.086,1.983,0.157,g
2459541.78745,2021-11-23.2869979,bi,1.44,16.523,15.682,0.100,1.937,0.179,g
2459542.78877,2021-11-24.2882637,bi,1.46,16.768,15.390,0.061,2.535,0.142,g
2459543.80554,2021-11-25.3049792,bi,1.45,16.783,15.608,0.074,2.075,0.141,g
2459544.82443,2021-11-26.3237997,bi,1.48,16.792,15.512,0.067,2.267,0.139,g
2459546.66454,2021-11-28.1638099,bE,1.42,16.950,15.255,0.046,2.871,0.121,g
2459549.53642,2021-12-01.0355337,bm,1.55,16.809,15.514,0.066,2.262,0.137,g
2459549.67455,2021-12-01.1736685,bi,1.41,16.828,15.402,0.058,2.508,0.135,g
2459549.69044,2021-12-01.1895478,bE,1.48,16.916,15.380,0.053,2.558,0.124,g
2459550.69048,2021-12-02.1895224,bi,1.45,16.961,14.999,0.036,3.635,0.119,g
2459551.74766,2021-12-03.2466430,bi,1.47,16.907,15.294,0.049,2.770,0.125,g
2459555.64589,2021-12-07.1446736,bE,1.48,17.120,14.591,0.021,5.290,0.103,g
2459557.65113,2021-12-09.1497972,bE,1.56,17.358,14.269,0.013,7.121,0.083,g
2459558.63202,2021-12-10.1306422,bE,1.52,17.067,14.613,0.023,5.187,0.108,g
2459558.67356,2021-12-10.1721829,bi,1.43,17.014,14.700,0.026,4.788,0.114,g
2459559.39684,2021-12-10.8954252,bm,1.65,17.118,14.333,0.017,6.712,0.103,g
2459560.63566,2021-12-12.1341799,bE,1.54,17.226,14.243,0.014,7.294,0.093,g
2459562.64028,2021-12-14.1386990,bE,1.58,17.148,14.295,0.016,6.953,0.100,g
2459563.65729,2021-12-15.1556589,bE,1.48,17.297,14.255,0.013,7.211,0.088,g
2459564.72441,2021-12-16.2227243,bE,1.44,17.150,14.240,0.015,7.311,0.100,g
2459565.76795,2021-12-17.2662142,bi,1.41,16.867,14.565,0.026,5.422,0.130,g
2459567.65527,2021-12-19.1534442,bi,1.46,16.579,14.399,0.029,6.316,0.170,g
2459570.83019,2021-12-22.3282258,bi,1.46,16.968,14.316,0.019,6.815,0.119,g
2459573.80181,2021-12-25.2997047,bi,1.51,16.806,15.321,0.055,2.702,0.138,g
2459576.61600,2021-12-28.1137800,bi,1.44,16.984,14.877,0.031,4.065,0.117,g
2459577.82864,2021-12-29.3263590,bE,1.49,17.040,14.786,0.027,4.422,0.111,g
2459579.63260,2021-12-31.1302490,bE,1.50,16.965,15.121,0.040,3.248,0.119,g
2459580.69442,2022-01-01.1920265,bE,1.47,16.928,15.443,0.055,2.414,0.123,g
2459581.73916,2022-01-02.2367222,bi,1.40,16.904,15.199,0.045,3.022,0.126,g
2459583.57560,2022-01-04.0731021,bi,1.47,16.895,15.103,0.042,3.304,0.127,g
2459584.63900,2022-01-05.1364539,bE,1.48,17.042,14.905,0.030,3.961,0.111,g
2459585.82578,2022-01-06.3231996,bE,1.44,17.054,14.850,0.029,4.167,0.110,g
2459586.80397,2022-01-07.3013539,bi,1.44,16.824,15.550,0.067,2.187,0.135,g
2459587.60455,2022-01-08.1019023,bE,1.51,16.983,15.071,0.037,3.400,0.117,g
2459588.60940,2022-01-09.1067186,bE,1.45,16.953,15.199,0.043,3.023,0.120,g
2459591.81455,2022-01-12.3117724,bE,1.49,17.091,14.667,0.023,4.933,0.106,g
2459594.86695,2022-01-15.3640787,bi,1.40,16.831,14.840,0.035,4.209,0.134,g
2459595.79316,2022-01-16.290275,bi,1.46,16.804,14.631,0.029,5.098,0.138,g
2459597.69594,2022-01-18.1930079,bi,1.45,16.584,15.120,0.056,3.252,0.169,g
2459598.73181,2022-01-19.2288506,bE,1.54,16.888,14.841,0.033,4.205,0.128,g
2459600.68539,2022-01-21.1823804,bE,2.02,17.049,14.687,0.025,4.845,0.110,g
2459601.85226,2022-01-22.3492261,bE,1.55,16.902,14.957,0.036,3.777,0.126,g
2459602.64183,2022-01-23.1387761,bi,1.49,16.975,14.738,0.028,4.620,0.118,g
2459603.82519,2022-01-24.3221142,bE,1.58,17.059,14.670,0.024,4.919,0.109,g
2459605.84421,2022-01-26.3410959,bE,1.51,17.076,14.628,0.023,5.115,0.107,g
2459606.62856,2022-01-27.1254348,bi,1.46,17.012,14.694,0.026,4.813,0.114,g
2459608.34474,2022-01-28.8415858,bm,2.12,17.012,14.727,0.026,4.668,0.114,g
2459609.69538,2022-01-30.1922151,bE,1.53,17.061,14.827,0.028,4.258,0.109,g
2459610.63740,2022-01-31.1342144,bE,1.49,16.985,15.164,0.041,3.122,0.117,g
2459611.69608,2022-02-01.1928943,bE,1.48,16.958,15.320,0.048,2.703,0.120,g
2459612.71217,2022-02-02.2089762,bi,1.45,16.881,15.159,0.045,3.137,0.128,g
2459613.81649,2022-02-03.3132754,bi,1.44,16.775,15.906,0.098,1.577,0.142,g
2459614.37471,2022-02-03.8714984,bm,1.56,16.958,14.972,0.035,3.725,0.120,g
2459614.81671,2022-02-04.3134849,bE,1.44,17.059,14.798,0.027,4.372,0.109,g
2459616.65855,2022-02-06.1553114,bE,1.49,17.287,14.343,0.014,6.650,0.088,g
2459616.66821,2022-02-06.1649745,bi,1.46,17.176,14.391,0.017,6.364,0.098,g
2459617.69104,2022-02-07.1877983,bE,1.51,17.274,14.337,0.015,6.690,0.089,g
2459619.42755,2022-02-08.9242917,bm,2.47,17.193,14.418,0.017,6.206,0.096,g
2459619.57317,2022-02-09.0699185,bi,1.44,17.072,14.529,0.021,5.601,0.108,g
2459620.56814,2022-02-10.0648871,bE,1.55,17.071,14.709,0.025,4.746,0.108,g
2459621.61859,2022-02-11.1153334,bE,1.49,17.048,14.535,0.021,5.573,0.110,g
2459622.63992,2022-02-12.1366692,bi,1.43,16.870,14.622,0.027,5.144,0.130,g
2459622.66676,2022-02-12.1635118,bE,1.48,17.008,14.647,0.025,5.028,0.114,g
2459623.66858,2022-02-13.1653258,bE,1.47,16.952,14.552,0.024,5.485,0.120,g
2459624.64100,2022-02-14.13775,bi,1.51,16.820,14.480,0.025,5.862,0.136,g
2459624.65583,2022-02-14.1525812,bE,1.47,17.008,14.503,0.022,5.741,0.114,g
2459625.66966,2022-02-15.1664061,bE,1.50,16.906,14.462,0.023,5.958,0.126,g
2459625.69357,2022-02-15.1903190,bi,1.44,16.711,14.419,0.026,6.203,0.150,g
2459626.74229,2022-02-16.2390368,bE,1.50,16.844,14.605,0.028,5.225,0.133,g
2459627.63181,2022-02-17.1285671,bi,1.40,16.761,14.850,0.037,4.167,0.143,g
2459628.31943,2022-02-17.8161871,bm,2.49,16.619,15.189,0.058,3.050,0.164,g
2459628.53603,2022-02-18.0327868,bi,2.00,16.823,15.356,0.056,2.616,0.135,g
2459630.45343,2022-02-19.9501960,bm,1.55,16.739,15.278,0.057,2.811,0.146,g
2459632.51816,2022-02-22.0149496,bm,1.55,16.779,15.317,0.057,2.711,0.141,g
2459633.71071,2022-02-23.2075097,bE,1.49,17.102,14.713,0.024,4.731,0.105,g
2459634.80394,2022-02-24.3007442,bi,1.42,16.976,14.736,0.028,4.629,0.118,g
2459635.79891,2022-02-25.2957351,bi,1.49,16.921,14.779,0.030,4.451,0.124,g
2459636.76607,2022-02-26.2629049,bi,1.49,16.989,14.895,0.032,3.999,0.116,g
2459637.68562,2022-02-27.1824657,bi,1.42,17.230,14.400,0.016,6.308,0.093,g
2459638.71879,2022-02-28.2156546,bi,1.40,17.223,14.403,0.016,6.295,0.094,g
2459639.76697,2022-03-01.2638519,bi,1.43,17.192,14.329,0.016,6.739,0.096,g
2459639.80220,2022-03-01.2990771,bE,1.51,17.270,14.312,0.014,6.845,0.090,g
2459640.64547,2022-03-02.1423758,bi,1.46,17.151,14.422,0.018,6.184,0.100,g
2459642.74643,2022-03-04.2433614,bi,1.44,17.267,14.331,0.015,6.722,0.090,g
2459644.43936,2022-03-05.9363363,bm,1.55,17.236,14.342,0.015,6.654,0.093,g
2459645.76449,2022-03-07.2614964,bi,1.44,17.359,14.258,0.012,7.191,0.083,g
2459646.61740,2022-03-08.1144142,bE,1.47,17.344,14.288,0.013,6.994,0.084,g
2459646.65066,2022-03-08.1476792,bi,1.46,17.328,14.295,0.013,6.950,0.085,g
2459647.70871,2022-03-09.2057502,bE,1.46,17.384,14.273,0.012,7.090,0.081,g
2459648.66885,2022-03-10.1659172,bE,1.52,17.290,14.356,0.015,6.569,0.088,g
2459648.69064,2022-03-10.1877101,bi,1.46,17.297,14.338,0.014,6.679,0.088,g
2459649.56478,2022-03-11.0618701,bE,1.47,17.284,14.353,0.015,6.587,0.089,g
2459649.59455,2022-03-11.0916355,bi,1.40,17.244,14.355,0.015,6.578,0.092,g
2459650.56355,2022-03-12.0606697,bi,1.41,17.265,14.342,0.015,6.658,0.090,g
2459653.51976,2022-03-15.0169486,bE,1.49,17.104,14.411,0.018,6.248,0.105,g
2459653.75182,2022-03-15.2490142,bi,1.54,16.996,14.373,0.019,6.466,0.116,g
2459654.68957,2022-03-16.1867901,bi,1.49,17.032,14.353,0.018,6.591,0.112,g
2459655.50203,2022-03-16.9992821,bi,2.29,16.887,14.333,0.021,6.713,0.128,g
2459659.41026,2022-03-20.9076334,bm,1.58,16.832,14.515,0.026,5.678,0.134,g
2459660.67964,2022-03-22.1770638,bi,1.49,17.114,14.415,0.018,6.225,0.104,g
2459661.69874,2022-03-23.1962034,bi,1.47,17.141,14.370,0.017,6.488,0.101,g
2459664.57733,2022-03-26.0748957,bE,1.47,17.465,14.176,0.011,7.759,0.075,g
2459665.71430,2022-03-27.2119059,bE,1.61,17.414,14.187,0.011,7.679,0.079,g
2459666.59035,2022-03-28.0879881,bi,1.41,17.330,14.261,0.013,7.169,0.085,g
2459666.62360,2022-03-28.1212445,bE,1.49,17.370,14.259,0.012,7.185,0.082,g
2459667.71924,2022-03-29.2169239,bi,1.42,17.374,14.226,0.012,7.409,0.082,g
2459668.60272,2022-03-30.1004372,bE,1.53,17.318,14.316,0.014,6.817,0.086,g
2459669.69137,2022-03-31.1891339,bi,1.46,17.244,14.368,0.015,6.501,0.092,g
2459671.59153,2022-04-02.0893768,bE,1.44,17.365,14.277,0.013,7.065,0.082,g
2459672.59604,2022-04-03.0939256,bE,1.49,17.374,14.286,0.013,7.005,0.082,g
2459673.54287,2022-04-04.0407943,bi,1.44,17.099,14.629,0.022,5.108,0.105,g
2459673.58765,2022-04-04.0855746,bE,1.45,17.122,14.680,0.023,4.876,0.103,g
2459674.66422,2022-04-05.1621966,bi,1.42,17.224,14.421,0.016,6.188,0.094,g
2459676.52141,2022-04-07.0194726,bi,1.42,17.350,14.238,0.012,7.327,0.083,g
2459677.53454,2022-04-08.0326456,bE,1.47,17.389,14.224,0.012,7.423,0.080,g
2459678.60974,2022-04-09.1078953,bE,1.52,17.387,14.179,0.011,7.735,0.081,g
2459679.61579,2022-04-10.1139915,bE,1.51,17.485,14.096,0.010,8.351,0.074,g
2459680.59724,2022-04-11.0954899,bE,1.53,17.452,14.122,0.010,8.149,0.076,g
2459680.61622,2022-04-11.1144818,bi,1.42,17.427,14.116,0.010,8.200,0.078,g
2459681.62362,2022-04-12.1219248,bi,1.42,17.358,14.158,0.011,7.884,0.083,g
2459682.66414,2022-04-13.1624966,bi,1.54,17.125,14.156,0.014,7.902,0.103,g
2459683.66412,2022-04-14.1625170,bi,1.42,17.027,14.075,0.014,8.511,0.112,g
2459685.62784,2022-04-16.1263406,bi,1.53,16.865,14.166,0.018,7.825,0.130,g
2459685.64474,2022-04-16.1432361,bE,1.50,16.967,14.167,0.017,7.817,0.119,g
2459688.39358,2022-04-18.8922152,bm,1.61,15.639,14.486,0.075,5.828,0.403,g
2459691.64173,2022-04-22.1405356,bE,1.49,17.287,14.302,0.014,6.906,0.088,g
2459692.63441,2022-04-23.1332651,bi,1.45,17.137,14.558,0.020,5.456,0.101,g
2459693.63919,2022-04-24.1380976,bE,1.48,17.064,14.805,0.027,4.347,0.108,g
2459694.64047,2022-04-25.1394295,bE,1.47,17.173,14.512,0.019,5.689,0.098,g
2459695.53110,2022-04-26.0301136,bE,1.45,17.219,14.497,0.018,5.772,0.094,g
2459697.50920,2022-04-28.0083119,bi,1.42,16.894,15.506,0.061,2.279,0.127,g
2459700.20999,2022-04-30.7092548,bm,1.49,16.880,15.163,0.045,3.125,0.129,g
2459701.62413,2022-05-02.1234706,bE,1.48,17.128,14.624,0.022,5.132,0.102,g
2459703.29156,2022-05-03.7909849,bm,1.44,17.040,14.734,0.026,4.639,0.111,g
2459705.59227,2022-05-06.0918313,bE,1.54,16.905,15.630,0.067,2.033,0.126,g
2459709.32127,2022-05-09.8210444,bm,1.54,16.869,15.146,0.044,3.176,0.130,g
2459711.58835,2022-05-12.0882467,bE,1.55,16.920,14.828,0.032,4.256,0.124,g
2459713.57410,2022-05-14.0741075,bE,1.46,16.769,15.069,0.045,3.407,0.142,g
2459714.50403,2022-05-15.0040858,bi,1.45,16.840,14.490,0.025,5.806,0.133,g
2459716.31250,2022-05-16.8126692,bm,1.53,16.541,14.193,0.025,7.638,0.176,g
2459719.56568,2022-05-20.0660179,bE,1.49,17.170,14.513,0.019,5.684,0.098,g
2459723.44752,2022-05-23.9480850,bi,1.51,17.043,14.202,0.016,7.571,0.111,g
2459724.55114,2022-05-25.0517528,bE,1.48,17.401,14.212,0.012,7.501,0.080,g
2459725.46623,2022-05-25.9668957,bi,1.47,17.591,14.070,0.008,8.549,0.067,g
2459727.30246,2022-05-27.8032407,bm,1.47,17.082,14.485,0.020,5.835,0.107,g
2459736.51735,2022-06-06.0186226,bi,1.53,17.648,13.968,0.007,9.389,0.063,g